id,name,rate,earnings
36061,New York,0,251385039
6037,Los Angeles,1150,249898187
17031,Cook,190,169775997
48201,Harris,1352,133186496
48113,Dallas,585,102414571
6085,Santa Clara,839,89238959
6059,Orange,243,85901928
53033,King,1079,77086686
4013,Maricopa,1306,75852537
6073,San Diego,5702,75751341
25017,Middlesex,419,60363194
27053,Hennepin,580,54286708
13121,Fulton,206,52655322
6075,San Francisco,2,51417694
26163,Wayne,235,51408699
26125,Oakland,412,49531861
12086,Miami-Dade,1261,49452837
25025,Suffolk,1,48405793
6001,Alameda,400,45158382
51059,Fairfax,113,43735839
39035,Cuyahoga,88,42188220
42003,Allegheny,295,40643218
9001,Fairfield,182,40503867
48439,Tarrant,867,38556607
42101,Philadelphia,4,37627817
36059,Nassau,29,35965044
39049,Franklin,396,35306077
17043,DuPage,61,35284872
29189,St. Louis,221,34422606
48029,Bexar,1666,33645798
32003,Clark,183,33536151
6081,San Mateo,206,32703447
34003,Bergen,83,32541306
12011,Broward,237,32294900
6067,Sacramento,1158,31849187
9003,Hartford,469,31680530
36103,Suffolk,350,31655850
18097,Marion,217,31474475
48453,Travis,889,31473020
8031,Denver,12,31056473
24031,Montgomery,454,31031274
42091,Montgomery,382,30905370
37119,Mecklenburg,237,29884024
36119,Westchester,57,29331707
39061,Hamilton,242,29224004
12057,Hillsborough,2163,27698879
12095,Orange,654,27244576
47157,Shelby,515,27044028
12099,Palm Beach,452,26898480
34023,Middlesex,185,26328495
6071,San Bernardino,1290,26132758
55079,Milwaukee,77,25950906
36081,Queens,0,25569214
49035,Salt Lake,571,24836921
34013,Essex,14,24446796
41051,Multnomah,501,24277376
6013,Contra Costa,565,23425802
47037,Davidson,400,22850246
12031,Duval,319,22366267
6065,Riverside,2655,22267913
34027,Morris,318,21839560
21111,Jefferson,473,21306937
15003,Honolulu,687,21219722
17097,Lake,274,21144353
36047,Kings,1,20816098
24510,Baltimore city,0,20789803
36029,Erie,864,20551806
25021,Norfolk,136,20481275
29095,Jackson,659,20434423
9009,New Haven,296,20381287
1073,Jefferson,345,20315722
12103,Pinellas,83,19894217
36055,Monroe,396,19870145
8005,Arapahoe,214,19578147
40109,Oklahoma,745,19569366
37183,Wake,686,19517382
13089,DeKalb,43,18619856
26099,Macomb,445,18504600
40143,Tulsa,687,18424215
24005,Baltimore,659,18274069
27123,Ramsey,25,17811770
13067,Cobb,120,17616910
24033,Prince George's,477,16779901
26081,Kent,995,16737075
10003,New Castle,265,16734058
6111,Ventura,1530,16613405
25009,Essex,271,16590430
25027,Worcester,849,16493513
13135,Gwinnett,316,15900979
31055,Douglas,305,15839063
34017,Hudson,0,15807048
34039,Union,9,15579062
20091,Johnson,530,15535766
34025,Monmouth,667,14531826
39113,Montgomery,728,14401604
4019,Pima,330,14326055
42029,Chester,1057,14115694
35001,Bernalillo,441,14084066
44007,Providence,194,14038303
34035,Somerset,352,14014349
29510,St. Louis city,0,13775274
6019,Fresno,5294,13572933
51013,Arlington,2,13572015
22071,Orleans,11,13489732
55025,Dane,2144,13144232
24003,Anne Arundel,415,13086273
8041,El Paso,631,12919140
41067,Washington,1424,12833001
42017,Bucks,547,12828381
34021,Mercer,234,12618887
19153,Polk,681,12428866
42045,Delaware,48,12421081
37081,Guilford,847,12413009
53053,Pierce,958,12361792
20173,Sedgwick,1224,12161668
36001,Albany,336,12082836
39153,Summit,217,12011238
36067,Onondaga,507,11642852
8059,Jefferson,339,11551056
5119,Pulaski,327,11458571
55133,Waukesha,567,11289720
53061,Snohomish,1105,11181348
6029,Kern,1243,11162944
8013,Boulder,622,11138840
48085,Collin,1110,10921005
36005,Bronx,0,10891063
39095,Lucas,350,10754417
33011,Hillsborough,282,10722898
26161,Washtenaw,905,10671621
48141,El Paso,358,10661227
6097,Sonoma,2181,10646589
34005,Burlington,672,10629239
37063,Durham,128,10572249
45045,Greenville,634,10481256
34007,Camden,152,10468335
51710,Norfolk,0,10051871
42071,Lancaster,4009,9986702
22033,East Baton Rouge,457,9890715
34031,Passaic,41,9661650
25005,Bristol,426,9658052
47093,Knox,1041,9603234
32031,Washoe,250,9472476
45079,Richland,292,9440440
25013,Hampden,350,9250111
22051,Jefferson,49,9218123
6083,Santa Barbara,1160,9215346
6077,San Joaquin,3181,9212277
16001,Ada,1038,9140819
51760,Richmond,0,9119528
6053,Monterey,786,9048429
17089,Kane,554,8978817
18089,Lake,394,8802715
12009,Brevard,383,8675720
42077,Lehigh,365,8622922
25023,Plymouth,471,8577434
47065,Hamilton,515,8573325
18003,Allen,1223,8511337
45019,Charleston,179,8471740
37067,Forsyth,581,8467979
51087,Henrico,121,8467808
53063,Spokane,1503,8465370
26065,Ingham,701,8257091
42043,Dauphin,511,8252606
2020,Anchorage,182,8229950
1089,Madison,776,8154633
26049,Genesee,704,8074209
6041,Marin,180,8003603
51810,Virginia Beach,124,7907566
23005,Cumberland,369,7891701
12105,Polk,1600,7761339
21067,Fayette,578,7744302
12071,Lee,388,7675729
42011,Berks,1358,7630045
24027,Howard,312,7622929
51107,Loudoun,787,7577661
27037,Dakota,744,7576577
42133,York,1456,7320257
33015,Rockingham,288,7222863
8001,Adams,514,7199867
6099,Stanislaus,3532,7199179
39151,Stark,980,7097749
1097,Mobile,579,7095450
34001,Atlantic,311,7046494
17197,Will,845,7009427
9011,New London,483,6996976
12117,Seminole,255,6783646
41005,Clackamas,2842,6717902
37051,Cumberland,390,6599914
28049,Hinds,664,6491970
48355,Nueces,417,6362795
34029,Ocean,202,6323550
12115,Sarasota,257,6306128
55009,Brown,973,6290788
31109,Lancaster,1207,6223660
6095,Solano,674,6122914
36087,Rockland,17,6121785
6061,Placer,1026,6090886
1101,Montgomery,530,6057810
17201,Winnebago,594,6035879
36027,Dutchess,369,6001422
29077,Greene,1925,5988756
42041,Cumberland,850,5984814
12073,Leon,229,5961867
51510,Alexandria,0,5908441
49049,Utah,1442,5892463
13063,Clayton,48,5877407
8069,Larimer,1002,5867547
42079,Luzerne,327,5834542
18141,St. Joseph,668,5833511
53011,Clark,1173,5792447
48215,Hidalgo,1217,5790208
41039,Lane,1718,5782463
39017,Butler,786,5755212
12033,Escambia,423,5725500
48027,Bell,1455,5623535
36071,Orange,488,5584502
48245,Jefferson,407,5549380
6087,Santa Cruz,556,5547483
19113,Linn,1294,5523626
42129,Westmoreland,979,5518299
26077,Kalamazoo,630,5492975
13051,Chatham,31,5408599
48121,Denton,1366,5379059
51153,Prince William,233,5351537
54039,Kanawha,151,5305083
6107,Tulare,3952,5301181
12127,Volusia,805,5300446
41047,Marion,2059,5299834
42049,Erie,1031,5269237
22055,Lafayette,615,5260312
12021,Collier,144,5244510
45083,Spartanburg,907,5236084
22017,Caddo,403,5181309
26139,Ottawa,1111,5177176
27003,Anoka,454,5152710
48157,Fort Bend,1024,5151189
51041,Chesterfield,119,5101982
17167,Sangamon,873,5033888
12081,Manatee,486,4984502
18039,Elkhart,1260,4914189
48491,Williamson,1624,4813945
18163,Vanderburgh,244,4736692
13245,Richmond,100,4719863
18057,Hamilton,508,4706479
17143,Peoria,820,4679466
50007,Chittenden,345,4672624
39093,Lorain,720,4633838
46099,Minnehaha,1116,4552963
26145,Saginaw,1130,4532890
48303,Lubbock,801,4531105
6079,San Luis Obispo,1540,4524215
51700,Newport News,0,4501505
36085,Richmond,1,4490101
12001,Alachua,946,4427387
25001,Barnstable,110,4377404
20177,Shawnee,747,4317488
6113,Yolo,655,4299703
36065,Oneida,923,4272411
27109,Olmsted,1089,4264687
53035,Kitsap,331,4263432
55087,Outagamie,1205,4254950
39085,Lake,213,4214486
34015,Gloucester,620,4198381
17113,McLean,1390,4180433
37021,Buncombe,990,4179527
36007,Broome,454,4137858
13215,Muscogee,40,4137203
29183,St. Charles,605,4128538
29047,Clay,576,4123805
17163,St. Clair,804,4116570
55139,Winnebago,718,4102958
39099,Mahoning,502,4095631
42069,Lackawanna,211,4074476
42095,Northampton,321,4054634
48339,Montgomery,827,4030000
28047,Harrison,244,4025675
17119,Madison,1110,4015670
53067,Thurston,738,3989747
39155,Trumbull,748,3977099
17111,McHenry,786,3973658
17019,Champaign,1249,3967224
49011,Davis,474,3964482
27137,St. Louis,622,3961008
47149,Rutherford,1309,3905185
9007,Middlesex,199,3897746
48167,Galveston,379,3876643
48309,McLennan,1669,3861012
24021,Frederick,1148,3848793
48423,Smith,1452,3842756
20209,Wyandotte,146,3841682
13021,Bibb,114,3784455
12091,Okaloosa,287,3773591
37035,Catawba,454,3749615
51003,Albemarle,659,3735971
17161,Rock Island,540,3728416
48039,Brazoria,1286,3727146
37129,New Hanover,52,3698793
48061,Cameron,722,3626661
55101,Racine,486,3548662
19163,Scott,759,3494750
53077,Yakima,2989,3493723
47187,Williamson,1115,3470328
5007,Benton,2025,3453431
45051,Horry,913,3450345
34019,Hunterdon,1120,3439097
9005,Litchfield,506,3425508
38017,Cass,824,3425094
18157,Tippecanoe,642,3417125
22019,Calcasieu,637,3413885
45063,Lexington,660,3412311
8123,Weld,2353,3408918
33013,Merrimack,305,3348350
24025,Harford,598,3344670
42125,Washington,1263,3334278
36093,Schenectady,129,3306010
44003,Kent,54,3298178
1125,Tuscaloosa,382,3297233
49057,Weber,783,3290466
6055,Napa,862,3287925
51650,Hampton,0,3282732
51550,Chesapeake,148,3280650
21015,Boone,682,3264014
36063,Niagara,664,3244583
5143,Washington,2313,3230751
53005,Benton,928,3201055
39057,Greene,670,3200245
47163,Sullivan,1221,3178681
51770,Roanoke,0,3153205
48375,Potter,128,3149572
27163,Washington,562,3142169
12083,Marion,1333,3119956
29019,Boone,1101,3109148
41029,Jackson,1443,3099452
8035,Douglas,450,3086190
5131,Sebastian,630,3085826
36091,Saratoga,384,3034950
19103,Johnson,987,3031338
27145,Stearns,2658,2987529
42019,Butler,920,2983064
37133,Onslow,365,2982004
37071,Gaston,265,2969984
26021,Berrien,1181,2964323
48329,Midland,262,2963205
53073,Whatcom,1176,2928326
23019,Penobscot,476,2907832
6007,Butte,1511,2892227
55105,Rock,1144,2877003
45003,Aiken,593,2872242
26025,Calhoun,954,2868051
42027,Centre,650,2863126
55073,Marathon,2427,2841042
51031,Campbell,550,2812863
25003,Berkshire,271,2807132
30111,Yellowstone,815,2800736
45013,Beaufort,93,2797425
6089,Shasta,751,2793819
13139,Hall,609,2778646
19013,Black Hawk,909,2760202
23031,York,421,2752773
26121,Muskegon,365,2746024
22073,Ouachita,299,2731235
6047,Merced,2201,2698285
48041,Brazos,878,2691452
34011,Cumberland,499,2679026
45041,Florence,669,2671576
55117,Sheboygan,928,2664228
35049,Santa Fe,264,2650801
21117,Kenton,437,2648245
26075,Jackson,892,2645670
12101,Pasco,739,2636845
17179,Tazewell,852,2635493
48183,Gregg,262,2631485
37135,Orange,372,2631182
15009,Maui,710,2623870
45091,York,607,2620287
48485,Wichita,434,2612120
55063,La Crosse,668,2594837
45007,Anderson,979,2583193
39165,Warren,679,2573409
17115,Macon,659,2560534
12005,Bay,52,2554075
48479,Webb,324,2546354
39173,Wood,914,2536195
18067,Howard,452,2525321
13059,Clarke,54,2515695
51161,Roanoke,237,2508409
37001,Alamance,648,2484544
6017,El Dorado,615,2484278
42007,Beaver,464,2482665
37147,Pitt,477,2481757
24043,Washington,722,2480854
37025,Cabarrus,391,2480781
12069,Lake,980,2462405
25015,Hampshire,446,2454310
13313,Whitfield,366,2442560
13153,Houston,186,2433106
39139,Richland,824,2432971
39025,Clermont,721,2407320
36111,Ulster,342,2406879
21047,Christian,992,2403357
18127,Porter,420,2396060
40027,Cleveland,777,2375686
23011,Kennebec,434,2373354
55059,Kenosha,343,2344376
26093,Livingston,610,2344272
10001,Kent,675,2343148
33009,Grafton,309,2341474
36083,Rensselaer,377,2337540
39003,Allen,811,2336840
18105,Monroe,466,2334815
10005,Sussex,1286,2330317
22103,St. Tammany,381,2322853
39023,Clark,628,2313008
15001,Hawaii,2659,2312087
48441,Taylor,805,2306190
42013,Blair,349,2301499
1117,Shelby,381,2290385
39133,Portage,647,2279258
41017,Deschutes,954,2272976
47113,Madison,429,2254899
13095,Dougherty,145,2223194
28059,Jackson,224,2219674
39103,Medina,814,2215284
36101,Steuben,1100,2213394
12085,Martin,191,2209779
47179,Washington,1653,2209384
4027,Yuma,344,2198935
37097,Iredell,1009,2178094
51740,Portsmouth,0,2174688
39089,Licking,1101,2171434
51165,Rockingham,1534,2170354
42081,Lycoming,711,2170139
42021,Cambria,459,2168690
35013,Dona Ana,1062,2158547
26147,St. Clair,905,2158389
26115,Monroe,1009,2157103
22079,Rapides,756,2155644
29051,Cole,920,2153259
1103,Morgan,1059,2146156
44005,Newport,90,2144798
18035,Delaware,606,2142356
21093,Hardin,1561,2123694
8101,Pueblo,512,2111090
31153,Sarpy,307,2108173
33017,Strafford,171,2107059
36109,Tompkins,365,2099622
24037,St. Mary's,619,2099392
39041,Delaware,572,2087395
29097,Jasper,1206,2070800
48135,Ector,167,2063438
36045,Jefferson,797,2053619
40031,Comanche,841,2049342
44009,Washington,170,2048844
37049,Craven,265,2035889
55039,Fond du Lac,1280,2031946
42089,Monroe,124,2028639
2090,Fairbanks North Star,143,2027918
36013,Chautauqua,1516,2024684
54011,Cabell,300,2023277
24013,Carroll,961,2022256
30063,Missoula,395,2021652
8077,Mesa,1184,2018361
55035,Eau Claire,830,2013267
19193,Woodbury,1087,2012514
28121,Rankin,493,2009201
6023,Humboldt,746,2004349
12111,St. Lucie,302,2003929
18095,Madison,666,2001614
28081,Lee,483,2001248
39169,Wayne,1337,1997251
6025,Imperial,402,1995829
55131,Washington,715,1995381
37179,Union,947,1989963
53057,Skagit,622,1976494
26055,Grand Traverse,332,1972057
26111,Midland,400,1967648
51069,Frederick,450,1958278
18005,Bartholomew,535,1950712
42055,Franklin,1111,1949914
18167,Vigo,457,1948458
4005,Coconino,204,1948045
36069,Ontario,595,1943008
37159,Rowan,668,1932363
19061,Dubuque,1352,1931583
9013,Tolland,271,1928459
51015,Augusta,1324,1916006
34037,Sussex,705,1914178
22109,Terrebonne,113,1904319
35045,San Juan,577,1903496
46103,Pennington,540,1902112
55141,Wood,922,1900520
51177,Spotsylvania,228,1882214
21227,Warren,1709,1878983
37151,Randolph,1169,1878578
42107,Schuylkill,498,1876828
47001,Anderson,404,1868098
55089,Ozaukee,384,1853648
12097,Osceola,396,1852297
42085,Mercer,953,1845598
18091,LaPorte,690,1842522
18019,Clark,574,1832726
42075,Lebanon,797,1825642
16027,Canyon,1623,1821263
37057,Davidson,793,1819685
48451,Tom Green,717,1815554
23001,Androscoggin,253,1811673
54061,Monongalia,382,1808232
4025,Yavapai,340,1800383
34041,Warren,581,1800057
17099,LaSalle,1426,1796587
39063,Hancock,871,1794832
1069,Houston,667,1794433
47009,Blount,929,1791608
37191,Wayne,769,1786933
1015,Calhoun,522,1786512
48181,Grayson,1632,1784652
1003,Baldwin,792,1783548
41003,Benton,579,1768782
56021,Laramie,431,1764492
20045,Douglas,730,1763310
47119,Maury,1345,1751373
39043,Erie,320,1748890
47011,Bradley,644,1738248
6031,Kings,792,1738113
26005,Allegan,1251,1735749
12061,Indian River,274,1730105
19169,Story,783,1729541
54107,Wood,446,1728832
39109,Miami,880,1727230
53015,Cowlitz,343,1719715
9015,Windham,372,1719464
51121,Montgomery,455,1713065
47165,Sumner,1485,1712084
13117,Forsyth,458,1706344
4021,Pinal,332,1705789
37127,Nash,463,1705262
29021,Buchanan,633,1704910
41043,Linn,1727,1704489
26017,Bay,676,1702993
17091,Kankakee,761,1686608
12109,St. Johns,119,1684843
13185,Lowndes,313,1679755
27139,Scott,746,1679647
16055,Kootenai,492,1658029
45085,Sumter,332,1653973
38015,Burleigh,721,1651520
13115,Floyd,386,1647478
16019,Bonneville,645,1646883
29099,Jefferson,586,1641773
29165,Platte,574,1629238
24045,Wicomico,587,1626954
34009,Cape May,146,1626360
4003,Cochise,652,1622033
56025,Natrona,200,1615327
51085,Hanover,480,1614267
21059,Daviess,1075,1602134
36015,Chemung,257,1601237
24017,Charles,433,1590870
22015,Bossier,341,1586188
36089,St. Lawrence,1247,1569045
18081,Johnson,491,1562114
13057,Cherokee,432,1558723
12087,Monroe,6,1554386
48469,Victoria,895,1550404
47125,Montgomery,795,1546496
27019,Carver,773,1544857
37101,Johnston,1230,1543155
21145,McCracken,379,1539381
4015,Mohave,147,1533261
51143,Pittsylvania,1192,1527931
1081,Lee,301,1519201
13113,Fayette,188,1518542
55127,Walworth,674,1515505
37195,Wilson,368,1509162
51095,James City,51,1509056
45015,Berkeley,278,1507319
6057,Nevada,386,1504382
22005,Ascension,282,1497279
42051,Fayette,701,1492806
39159,Union,657,1491499
6039,Madera,1221,1489876
29031,Cape Girardeau,1038,1483952
48037,Bowie,894,1474759
55071,Manitowoc,1188,1474444
12015,Charlotte,139,1473113
55027,Dodge,1669,1473099
41019,Douglas,1647,1467344
18085,Kosciusko,936,1463652
5031,Craighead,626,1461100
39119,Muskingum,936,1460690
36075,Oswego,607,1457843
55055,Jefferson,1116,1457045
37089,Henderson,434,1443728
17037,DeKalb,742,1437735
39055,Geauga,533,1430743
53007,Chelan,964,1428968
30013,Cascade,614,1427316
28035,Forrest,218,1426402
38035,Grand Forks,621,1424776
48005,Angelina,632,1418612
26045,Eaton,973,1415352
28033,DeSoto,432,1415324
13247,Rockdale,106,1414971
32510,Carson City city,21,1414308
22057,Lafourche,300,1407935
37023,Burke,312,1401007
33005,Cheshire,193,1400619
28075,Lauderdale,386,1399634
30031,Gallatin,649,1398146
36019,Clinton,399,1397627
50023,Washington,286,1396441
18063,Hendricks,673,1396425
8037,Eagle,94,1381276
48139,Ellis,1388,1379735
13151,Henry,318,1376672
5069,Jefferson,219,1371587
21073,Franklin,603,1370475
6045,Mendocino,908,1359773
26091,Lenawee,1069,1355693
54033,Harrison,499,1354970
13127,Glynn,32,1354094
1055,Etowah,717,1352451
47189,Wilson,1483,1347829
39045,Fairfield,852,1341513
19155,Pottawattamie,1145,1337688
42063,Indiana,664,1337215
47063,Hamblen,670,1336627
13179,Liberty,45,1335243
45077,Pickens,469,1331743
49005,Cache,926,1330854
48209,Hays,632,1330816
21209,Scott,752,1328277
37045,Cleveland,639,1325422
13015,Bartow,343,1321732
5045,Faulkner,967,1319552
48251,Johnson,1629,1316739
55097,Portage,825,1312096
13285,Troup,224,1303325
12019,Clay,182,1302760
27013,Blue Earth,959,1300363
18177,Wayne,667,1298862
36113,Warren,51,1293607
42001,Adams,803,1292353
37155,Robeson,998,1290390
30029,Flathead,736,1289199
37125,Moore,626,1286327
45047,Greenwood,361,1284458
39149,Shelby,819,1282865
13045,Carroll,734,1282108
29071,Franklin,1395,1280465
54081,Raleigh,220,1278530
35043,Sandoval,270,1273820
39157,Tuscarawas,824,1261629
55111,Sauk,1175,1255356
39007,Ashtabula,919,1248757
17183,Vermilion,970,1246377
42039,Crawford,1008,1245035
39029,Columbiana,878,1244943
42073,Lawrence,559,1229756
5051,Garland,339,1229610
37171,Surry,1128,1229025
1095,Marshall,1241,1226666
18053,Grant,534,1225850
45075,Orangeburg,797,1223423
51191,Washington,1724,1220972
36009,Cattaraugus,832,1220754
17001,Adams,1268,1217534
20169,Saline,597,1216293
27171,Wright,1417,1213187
28089,Madison,389,1212299
51149,Prince George,138,1205715
37027,Caldwell,292,1205393
51053,Dinwiddie,306,1205328
30049,Lewis and Clark,376,1203518
13097,Douglas,93,1200963
47141,Putnam,985,1200018
42097,Northumberland,494,1196090
37157,Rockingham,783,1194034
20103,Leavenworth,951,1192807
22045,Iberia,304,1188421
38101,Ward,961,1185106
49053,Washington,304,1184656
37193,Wilkes,1028,1177688
48091,Comal,561,1177519
16005,Bannock,507,1167772
51179,Stafford,148,1167687
34033,Salem,642,1166350
54003,Berkeley,408,1164967
21019,Boyd,190,1159965
33001,Belknap,127,1158410
42033,Clearfield,305,1156298
41071,Yamhill,1488,1154707
22101,St. Mary,63,1150596
41059,Umatilla,1142,1150376
36079,Putnam,30,1149945
39141,Ross,637,1148166
35028,Los Alamos,4,1131907
25011,Franklin,426,1129376
39101,Marion,481,1128269
12053,Hernando,355,1122527
22105,Tangipahoa,896,1121249
36117,Wayne,773,1120983
31079,Hall,633,1120891
24015,Cecil,386,1118631
50021,Rutland,425,1115772
40101,Muskogee,1167,1109372
53025,Grant,1267,1109210
53029,Island,252,1108596
6101,Sutter,1006,1107894
16083,Twin Falls,1200,1104623
24001,Allegany,195,1103875
1043,Cullman,1953,1102894
40119,Payne,1023,1100618
47155,Sevier,796,1100482
1083,Limestone,784,1099972
45073,Oconee,595,1093969
18037,Dubois,730,1093918
18043,Floyd,305,1093181
22089,St. Charles,55,1092075
1077,Lauderdale,1048,1088781
13077,Coweta,309,1088459
28087,Lowndes,306,1087458
1045,Dale,373,1086391
21037,Campbell,470,1085066
51089,Henry,253,1079927
23003,Aroostook,727,1073350
37105,Lee,276,1073218
12017,Citrus,258,1071044
17077,Jackson,593,1070820
48361,Orange,253,1065565
28067,Jones,767,1055975
20155,Reno,1203,1054921
36011,Cayuga,741,1054619
39077,Huron,708,1053470
12113,Santa Rosa,394,1051000
26103,Marquette,77,1050812
1121,Talladega,427,1044584
56005,Campbell,403,1038412
39143,Sandusky,740,1024539
39027,Clinton,632,1023475
42037,Columbia,533,1021993
21195,Pike,51,1018971
47059,Greene,2952,1014435
37107,Lenoir,452,1013422
54069,Ohio,117,1008065
48231,Hunt,1762,1007882
15007,Kauai,369,1007849
53041,Lewis,974,1007783
55109,St. Croix,1193,1003417
42111,Somerset,863,1003035
26073,Isabella,784,1001631
37019,Brunswick,195,993727
39167,Washington,788,993205
28149,Warren,142,992182
36105,Sullivan,242,989406
50025,Windham,224,986659
1049,DeKalb,1744,985141
50027,Windsor,436,980314
26149,St. Joseph,749,978398
47031,Coffee,761,976782
17029,Coles,618,975335
56037,Sweetwater,122,973345
21151,Madison,1261,967657
4017,Navajo,286,967141
45035,Dorchester,267,966732
53071,Walla Walla,523,965698
40017,Canadian,908,965229
35025,Lea,452,962835
53027,Grays Harbor,340,961344
19057,Des Moines,562,959929
27035,Crow Wing,459,959740
45031,Darlington,298,957674
40047,Garfield,1036,955674
39081,Jefferson,338,952689
48203,Harrison,902,950523
19139,Muscatine,673,950434
42015,Bradford,1167,948831
18033,DeKalb,582,943062
19033,Cerro Gordo,677,942418
23009,Hancock,256,942185
37065,Edgecombe,293,940862
17095,Knox,848,939251
20061,Geary,204,936631
6115,Yuba,569,929088
5115,Pope,810,926582
2122,Kenai Peninsula,85,926305
41035,Klamath,769,922297
20161,Riley,416,919436
39091,Logan,668,917052
26087,Lapeer,989,916302
22115,Vernon,447,915401
27131,Rice,969,909178
35005,Chaves,458,904218
40131,Rogers,1186,903625
1033,Colbert,440,900480
5139,Union,240,898327
8045,Garfield,369,898141
27169,Winona,910,894623
40071,Kay,867,894502
48187,Guadalupe,1536,891984
36021,Columbia,360,891508
37161,Rutherford,427,890669
8097,Pitkin,48,889015
27049,Goodhue,1337,887655
55017,Chippewa,1395,885808
26159,Van Buren,1001,883802
17177,Stephenson,979,883651
8067,La Plata,603,883339
29169,Pulaski,457,876960
17199,Williamson,498,876478
36077,Otsego,753,875160
32005,Douglas,140,873864
37085,Harnett,656,873287
22075,Plaquemines,117,868882
39145,Scioto,535,867468
13255,Spalding,194,867380
5145,White,1268,866988
54055,Mercer,478,863579
53009,Clallam,297,862779
41033,Josephine,556,860179
36037,Genesee,452,858653
17195,Whiteside,959,855467
39051,Fulton,716,850759
36053,Madison,568,848600
40147,Washington,603,846183
35015,Eddy,398,846028
21101,Henderson,483,843429
45043,Georgetown,189,839962
13039,Camden,43,839312
18059,Hancock,521,837946
19045,Clinton,1157,836446
54049,Marion,312,832650
31019,Buffalo,920,831447
16069,Nez Perce,278,830241
18071,Jackson,734,829418
48257,Kaufman,1557,828906
13275,Thomas,396,826618
27141,Sherburne,453,826097
5093,Mississippi,389,824293
41011,Coos,613,823675
42005,Armstrong,591,823642
51800,Suffolk,222,822527
24009,Calvert,367,818887
13073,Columbia,135,817806
12055,Highlands,430,817037
39039,Defiance,707,815993
49003,Box Elder,852,815925
21199,Pulaski,1899,813735
51061,Fauquier,787,813560
53021,Franklin,623,813213
2110,Juneau,6,812841
39147,Seneca,1062,812641
48367,Parker,1781,810973
47145,Roane,458,810653
21125,Laurel,1122,809722
18113,Noble,855,808236
54079,Putnam,423,807155
39009,Athens,462,806774
48347,Nacogdoches,1041,804474
55005,Barron,1338,803746
28151,Washington,165,803612
48471,Walker,670,803380
55021,Columbia,1221,803278
48381,Randall,448,802674
24047,Worcester,396,798876
48277,Lamar,1301,798816
27067,Kandiyohi,973,795029
42121,Venango,319,794782
2185,North Slope,0,793062
35035,Otero,419,790876
56039,Teton,70,790687
48409,San Patricio,353,787943
39013,Belmont,562,784071
17063,Grundy,418,782490
24041,Talbot,179,780767
27147,Steele,728,780639
45057,Lancaster,418,778355
39011,Auglaize,854,777107
29037,Cass,1370,776878
13129,Gordon,492,775641
40019,Carter,925,774308
13053,Chattahoochee,14,774239
37077,Granville,655,773093
26117,Montcalm,799,772061
23025,Somerset,377,771051
50003,Bennington,124,769684
33003,Carroll,138,768186
45021,Cherokee,334,763537
39037,Darke,1669,761955
36051,Livingston,514,760921
22047,Iberville,118,760805
27111,Otter Tail,2241,760686
37167,Stanly,484,759527
32007,Elko,254,759243
55135,Waupaca,1039,758212
46013,Brown,937,756732
19187,Webster,908,755495
19127,Marshall,758,755378
6069,San Benito,463,753532
51199,York,47,753090
17093,Kendall,423,751788
17081,Jefferson,803,750616
39083,Knox,972,747489
17141,Ogle,950,746419
37037,Chatham,837,745750
29145,Newton,1514,745376
23013,Knox,197,739879
45059,Laurens,591,738389
42119,Union,411,737991
39005,Ashland,839,737613
12089,Nassau,252,737000
37163,Sampson,1123,735472
35009,Curry,460,733076
48001,Anderson,1368,732540
17049,Effingham,956,731337
29101,Johnson,1394,731227
36023,Cortland,411,730580
37031,Carteret,92,730555
47107,McMinn,895,729671
13277,Tift,308,729645
37189,Watauga,619,729371
22097,St. Landry,985,728874
37061,Duplin,1183,728289
35031,McKinley,172,727266
13031,Bulloch,464,726418
29213,Taney,459,724817
13175,Laurens,537,724772
37047,Columbus,1001,720273
27085,McLeod,995,720123
13217,Newton,222,719321
23023,Sagadahoc,110,719087
55075,Marinette,556,718085
39171,Williams,666,716971
19125,Marion,842,715380
36035,Fulton,158,713370
18011,Boone,581,710934
39129,Pickaway,550,710275
26047,Emmet,171,708848
31119,Madison,742,708635
51099,King George,111,708483
45055,Kershaw,203,708400
42083,McKean,188,708281
8117,Summit,14,707445
18145,Shelby,623,705838
37109,Lincoln,377,703993
49043,Summit,322,703648
18099,Marshall,830,703396
36025,Delaware,604,699613
17007,Boone,433,699585
18107,Montgomery,613,698072
12023,Columbia,472,697123
40125,Pottawatomie,1093,696156
20055,Finney,353,693799
40037,Creek,1048,691806
48291,Liberty,801,690712
29159,Pettis,1108,686251
36017,Chenango,693,685253
5125,Saline,308,683340
6109,Tuolumne,225,683194
4001,Apache,255,682274
26059,Hillsdale,894,682074
48073,Cherokee,1304,681465
17105,Livingston,1334,681422
26067,Ionia,878,680780
51195,Wise,114,678822
51019,Bedford,1095,677244
19111,Lee,729,676959
36033,Franklin,441,676879
1071,Jackson,1040,676574
36107,Tioga,455,676370
23017,Oxford,304,674672
36115,Washington,607,673410
22061,Lincoln,272,671761
29023,Butler,660,670040
47045,Dyer,443,669192
31141,Platte,955,668165
55085,Oneida,72,665976
28045,Hancock,167,665969
12107,Putnam,337,665859
36043,Herkimer,541,664034
26037,Clinton,1053,661806
39075,Holmes,1269,660683
6103,Tehama,1172,660018
1127,Walker,394,659720
47053,Gibson,804,659434
19099,Jasper,1044,658684
13009,Baldwin,103,658140
55081,Monroe,1325,654307
31111,Lincoln,844,652631
55031,Douglas,234,652241
21107,Hopkins,509,649848
47131,Obion,593,649778
27007,Beltrami,587,649009
42123,Warren,356,648015
55043,Grant,1871,646460
5033,Crawford,740,643016
50011,Franklin,619,642629
20015,Butler,1112,641896
41041,Lincoln,253,641775
26155,Shiawassee,991,640077
42087,Mifflin,552,639707
48265,Kerr,549,638992
13069,Coffee,644,638744
37153,Richmond,197,638739
36057,Montgomery,458,638166
21021,Boyle,606,637768
42009,Bedford,841,637102
28105,Oktibbeha,308,636517
39033,Crawford,648,636203
37087,Haywood,732,636087
42047,Elk,134,635844
47147,Robertson,1235,633782
29187,St. Francois,623,633140
2170,Matanuska-Susitna,0,632983
21009,Barren,1913,632088
37083,Halifax,304,631899
42031,Clarion,400,629954
33019,Sullivan,167,629718
18065,Henry,735,628821
42109,Snyder,601,627411
18083,Knox,515,627136
47177,Warren,1161,626432
18017,Cass,690,624217
26023,Branch,857,623856
18173,Warrick,337,623846
31157,Scotts Bluff,598,623706
37111,McDowell,174,623405
19167,Sioux,1630,623280
28071,Lafayette,330,623221
41053,Polk,919,620464
27061,Itasca,399,618987
18093,Lawrence,771,616447
18029,Dearborn,657,615935
5035,Crittenden,180,614759
48213,Henderson,1461,614035
47003,Bedford,1157,612828
26041,Delta,204,612683
27099,Mower,1056,612547
37013,Beaufort,380,612139
13157,Jackson,666,611645
53075,Whitman,712,611211
1047,Dallas,345,611110
39097,Madison,540,607276
54029,Hancock,67,606688
50001,Addison,544,606342
39107,Mercer,1173,605676
37055,Dare,3,603567
16013,Blaine,168,603350
27027,Clay,691,601543
41007,Clatsop,210,601113
47035,Cumberland,598,599040
42025,Carbon,129,597365
20111,Lyon,743,597290
37165,Scotland,91,596975
18051,Gibson,601,595845
40137,Stephens,984,595286
22087,St. Bernard,24,594670
39123,Ottawa,439,594367
21035,Calloway,630,593977
37181,Vance,239,592670
29161,Phelps,651,592480
42065,Jefferson,370,587289
45025,Chesterfield,426,586907
48189,Hale,608,586677
48465,Val Verde,179,586525
27041,Douglas,874,585474
31053,Dodge,698,584969
20057,Ford,557,584169
17121,Marion,791,583386
22063,Livingston,351,581020
48481,Wharton,1011,580218
21113,Jessamine,664,579565
5091,Miller,441,578519
6093,Siskiyou,567,578363
44001,Bristol,21,577926
8107,Routt,357,577876
18151,Steuben,425,576937
48397,Rockwall,169,576348
36031,Essex,159,576336
48449,Titus,649,575745
51047,Culpeper,396,575667
5063,Independence,847,575171
47043,Dickson,920,574875
55033,Dunn,1207,574277
18137,Ripley,826,573775
27083,Lyon,831,572830
13297,Walton,381,571875
13047,Catoosa,224,571306
17137,Morgan,743,571087
30093,Silver Bow,89,570821
20079,Harvey,674,569588
20037,Crawford,721,567881
42059,Greene,595,567710
51155,Pulaski,318,567595
19179,Wapello,687,567418
13299,Ware,270,567101
48497,Wise,1629,566493
48057,Calhoun,208,566486
6033,Lake,694,566458
20035,Cowley,877,565535
48321,Matagorda,586,564537
48349,Navarro,1213,563943
26043,Dickinson,85,562470
48401,Rusk,1133,561452
21211,Shelby,1324,561373
27009,Benton,786,560645
8043,Fremont,420,560348
18069,Huntington,597,559845
37139,Pasquotank,147,559326
26015,Barry,734,558008
1051,Elmore,462,557738
26165,Wexford,171,557635
21049,Clark,783,557399
22095,St. John the Baptist,16,555522
36003,Allegany,607,554982
29009,Barry,1428,554340
20113,McPherson,1104,553443
54051,Marshall,399,552683
42093,Montour,229,551850
48097,Cooke,1160,551202
46127,Union,491,550973
40121,Pittsburg,1296,550663
29201,Scott,447,549815
18109,Morgan,540,548257
36121,Wyoming,610,547513
28143,Tunica,59,547327
29027,Callaway,1166,547293
29029,Camden,527,546277
18169,Wabash,639,546210
26057,Gratiot,787,545864
13137,Habersham,399,545615
8085,Montrose,686,544544
13223,Paulding,209,541747
46011,Brookings,826,540646
55045,Green,1003,539678
1123,Tallapoosa,295,539573
27015,Brown,1049,539134
20125,Montgomery,838,538065
48049,Brown,986,537204
53047,Okanogan,1124,536800
19049,Dallas,781,536739
13295,Walker,472,536637
28083,Leflore,146,536621
22113,Vermilion,1010,535177
56013,Fremont,731,533531
27017,Carlton,482,533116
39031,Coshocton,720,532981
20051,Ellis,599,532657
33007,Coos,156,532641
31001,Adams,575,532411
17073,Henry,1205,532052
18001,Adams,939,531279
51093,Isle of Wight,163,530309
46029,Codington,547,530098
55095,Polk,1210,527937
1053,Escambia,321,526262
56001,Albany,205,525069
27103,Nicollet,664,523925
22069,Natchitoches,469,523112
5009,Boone,1095,523067
51185,Tazewell,420,522436
26063,Huron,1141,521061
4007,Gila,110,520979
21239,Woodford,529,520931
49045,Tooele,240,520713
48143,Erath,1469,520470
16011,Bingham,1088,517626
55015,Calumet,672,517230
17103,Lee,852,516348
26033,Chippewa,298,513955
18129,Posey,377,513296
21179,Nelson,1200,512513
39059,Guernsey,702,512370
1115,St. Clair,507,511452
16057,Latah,502,509411
13261,Sumter,251,508092
27025,Chisago,718,507631
1113,Russell,187,507139
4023,Santa Cruz,112,506347
36039,Greene,192,505709
1039,Covington,728,505484
1031,Coffee,674,505388
51171,Shenandoah,720,505124
42127,Wayne,551,504602
47073,Hawkins,1707,503850
22001,Acadia,608,502329
12039,Gadsden,279,501560
40089,McCurtain,1248,500859
5005,Baxter,400,500730
5055,Greene,629,500027
42035,Clinton,224,498926
42061,Huntingdon,499,498800
13071,Colquitt,594,498797
26157,Tuscola,937,498766
17011,Bureau,1057,498472
48477,Washington,1715,498470
53045,Mason,130,497962
21083,Graves,993,496665
39021,Champaign,738,495888
28099,Neshoba,643,494666
26029,Charlevoix,180,494376
17109,McDonough,747,494258
37099,Jackson,167,493860
28085,Lincoln,497,493590
21185,Oldham,371,492838
48249,Jim Wells,590,492832
28003,Alcorn,351,492628
21157,Marshall,520,492183
28113,Pike,434,492183
47089,Jefferson,1074,491957
26007,Alpena,360,491256
42117,Tioga,721,490335
18133,Putnam,727,489771
40123,Pontotoc,947,487562
18077,Jefferson,825,487267
51163,Rockbridge,581,486416
40065,Jackson,522,486376
18031,Decatur,562,485740
40051,Grady,1298,485417
47117,Marshall,867,484715
20009,Barton,656,483813
29043,Christian,1192,483106
27047,Freeborn,1005,482571
17157,Randolph,816,482189
12063,Jackson,710,482109
29127,Marion,593,481719
54025,Greenbrier,646,481689
20175,Seward,200,481402
6005,Amador,310,480630
48227,Howard,292,479331
55115,Shawano,1283,478984
29091,Howell,1591,478805
21193,Perry,36,478227
28001,Adams,111,477719
12051,Hendry,241,477235
1017,Chambers,314,476721
18087,LaGrange,1234,475850
51083,Halifax,940,475314
26061,Houghton,122,474078
13013,Barrow,346,473952
51173,Smyth,739,472789
54037,Jefferson,277,472177
56029,Park,481,470986
16039,Elmore,226,470593
47079,Henry,690,470122
39053,Gallia,723,469413
55029,Door,678,468174
24035,Queen Anne's,329,467588
8087,Morgan,671,467052
23007,Franklin,188,466527
1001,Autauga,291,466115
1109,Pike,500,465715
18041,Fayette,348,464850
47099,Lawrence,1300,464657
26137,Otsego,114,464479
36073,Orleans,391,464278
39131,Pike,330,464045
22121,West Baton Rouge,70,463575
48223,Hopkins,1592,462469
51035,Carroll,807,462360
16017,Bonner,436,462127
45071,Newberry,448,461058
32023,Nye,107,459708
50005,Caledonia,387,459292
12131,Walton,344,458610
26123,Newaygo,596,456403
51001,Accomack,216,456159
56033,Sheridan,428,456076
45023,Chester,357,455526
41009,Columbia,619,455059
27005,Becker,914,454960
39069,Henry,804,454002
24019,Dorchester,283,453329
40139,Texas,567,452849
37017,Bladen,531,451032
55069,Lincoln,361,448744
21071,Floyd,95,447880
53037,Kittitas,676,447862
21029,Bullitt,527,447183
29105,Laclede,1173,447016
18023,Clinton,520,445897
54019,Fayette,166,445788
23027,Waldo,304,445682
51067,Franklin,820,445550
17117,Macoupin,1101,445485
26107,Mecosta,530,444915
37069,Franklin,490,443691
47123,Monroe,801,443683
42131,Wyoming,266,443362
55121,Trempealeau,1210,443075
39137,Putnam,1176,441850
13213,Murray,202,441216
41045,Malheur,948,440297
17027,Clinton,811,440134
40021,Cherokee,905,439734
22119,Webster,343,439546
54045,Logan,17,439232
28011,Bolivar,265,439094
18179,Wells,622,439046
31043,Dakota,253,438716
18073,Jasper,573,438052
55049,Iowa,1073,437270
48021,Bastrop,1490,436643
48099,Coryell,889,436149
39161,Van Wert,660,436032
1005,Barbour,376,435634
12035,Flagler,80,435055
47167,Tipton,516,434891
26151,Sanilac,1253,434683
28073,Lamar,342,434497
48241,Jasper,498,434473
49021,Iron,275,431890
51117,Mecklenburg,548,431781
23029,Washington,332,431473
45011,Barnwell,243,431340
40097,Mayes,1154,430041
37145,Person,404,429638
32001,Churchill,460,429171
39135,Preble,937,429072
18061,Harrison,1060,428968
26027,Cass,632,428137
47183,Weakley,749,426728
39071,Highland,1005,426210
23015,Lincoln,190,424651
17021,Christian,736,424489
27119,Polk,995,422711
40079,Le Flore,1359,422593
48233,Hutchinson,136,422373
18103,Miami,631,421842
18183,Whitley,652,421580
35061,Valencia,532,420929
36099,Seneca,327,420643
47105,Loudon,631,420388
6035,Lassen,229,418679
47055,Giles,1296,416140
28095,Monroe,450,416095
37059,Davie,474,415264
21235,Whitley,345,415202
19149,Plymouth,1385,414273
48053,Burnet,864,413979
19027,Carroll,1023,412955
46135,Yankton,616,412215
37175,Transylvania,152,410667
5003,Ashley,218,410270
37123,Montgomery,211,410119
51005,Alleghany,141,409990
53065,Stevens,967,409407
26105,Mason,347,409345
18101,Martin,318,409240
39047,Fayette,451,409117
54005,Boone,35,408910
32019,Lyon,246,408444
54059,Mingo,8,408263
28123,Scott,628,407772
19095,Iowa,834,407741
5027,Columbia,287,407477
40013,Bryan,1240,406826
22117,Washington,754,406481
19191,Winneshiek,1243,406223
19087,Henry,663,405622
47051,Franklin,899,404324
24023,Garrett,560,404298
54083,Randolph,334,402947
46035,Davison,410,402841
1059,Franklin,708,402286
19157,Poweshiek,771,402114
54099,Wayne,164,401022
17107,Logan,691,400316
47019,Carter,610,399472
48373,Polk,471,397817
27059,Isanti,625,397173
48015,Austin,1579,394936
13257,Stephens,164,393700
6009,Calaveras,381,392914
37003,Alexander,464,392372
39087,Lawrence,474,391854
47143,Rhea,316,391762
30081,Ravalli,857,391606
13233,Polk,279,391506
21089,Greenup,742,391356
13087,Decatur,288,390949
29007,Audrain,895,389923
48473,Waller,790,389677
38093,Stutsman,846,388947
27091,Martin,949,388214
5085,Lonoke,629,387831
37113,Macon,262,387746
17135,Montgomery,932,387670
21177,Muhlenberg,524,387451
45029,Colleton,458,387222
28027,Coahoma,122,386915
48179,Gray,256,386476
31047,Dawson,640,386424
48273,Kleberg,193,385212
50015,Lamoille,194,385156
21141,Logan,1032,385071
39175,Wyandot,554,383941
12119,Sumter,641,383649
1009,Blount,1029,383627
55019,Clark,1830,383034
1093,Marion,525,382619
38089,Stark,702,381217
1099,Monroe,359,380988
28107,Panola,504,380107
28043,Grenada,189,380004
48199,Hardin,263,379675
27097,Morrison,1640,379396
49047,Uintah,620,379099
50019,Orleans,491,378821
8075,Logan,721,378517
48323,Maverick,149,378413
17203,Woodford,805,375661
48341,Moore,184,375216
55093,Pierce,1044,373882
48067,Cass,754,373795
39079,Jackson,341,373789
27105,Nobles,1075,373294
46065,Hughes,222,372928
54035,Jackson,593,372928
41061,Union,660,372635
45067,Marion,227,372388
28133,Sunflower,213,372171
5001,Arkansas,295,371674
51187,Warren,182,370295
51023,Botetourt,455,369925
2130,Ketchikan Gateway,0,369006
31067,Gage,999,367785
19017,Bremer,950,366029
29001,Adair,684,364504
48013,Atascosa,1074,364405
16023,Butte,147,364301
48225,Houston,1230,364040
17041,Douglas,564,363332
46081,Lawrence,229,362014
51009,Amherst,387,361551
17055,Franklin,474,361456
12121,Suwannee,831,361081
19015,Boone,726,360353
42103,Pike,30,360335
18027,Daviess,962,360084
35039,Rio Arriba,861,360076
19021,Buena Vista,793,359016
54009,Brooke,71,358661
16031,Cassia,614,358166
17165,Saline,375,358057
35055,Taos,403,357768
37117,Martin,403,357658
36095,Schoharie,450,356810
40039,Custer,731,356725
1079,Lawrence,830,355520
29207,Stoddard,809,354731
56041,Uinta,216,353993
41065,Wasco,383,353956
35017,Grant,228,353842
25007,Dukes,43,353652
22009,Avoyelles,854,353581
45089,Williamsburg,627,353546
47077,Henderson,694,353244
37197,Yadkin,839,352965
45001,Abbeville,440,352246
51109,Louisa,338,351507
29113,Lincoln,870,350974
19041,Clay,620,349376
28115,Pontotoc,510,348628
1025,Clarke,196,348242
29069,Dunklin,451,347596
48419,Shelby,961,347539
51197,Wythe,651,347108
12093,Okeechobee,313,347061
48221,Hood,584,346661
13303,Washington,249,344865
47071,Hardin,460,344760
5019,Clark,312,344684
47013,Campbell,393,343998
48071,Chambers,262,343765
45087,Union,261,342527
27079,Le Sueur,749,342430
42105,Potter,267,342154
39065,Hardin,755,341385
13305,Wayne,263,341243
51027,Buchanan,90,340885
40115,Ottawa,836,339767
13279,Toombs,297,339699
42115,Susquehanna,645,339413
5015,Carroll,959,339055
22011,Beauregard,663,338506
41027,Hood River,441,338149
47021,Cheatham,445,337798
17033,Crawford,479,337677
20099,Labette,841,337344
16053,Jerome,686,336935
5057,Hempstead,611,336427
16065,Madison,374,336390
55053,Jackson,640,335517
55083,Oconto,843,335321
29195,Saline,767,334204
37007,Anson,298,333929
29107,Lafayette,1110,333410
41057,Tillamook,283,333393
2150,Kodiak Island,0,333351
18135,Randolph,799,333070
22099,St. Martin,229,333023
48259,Kendall,583,332297
29143,New Madrid,350,331884
47103,Lincoln,1395,331774
22093,St. James,25,331503
28109,Pearl River,530,331058
27021,Cass,557,330824
29175,Randolph,676,330814
18181,White,565,330745
48499,Wood,1190,330065
21173,Montgomery,626,329876
6063,Plumas,103,329456
6011,Colusa,568,328894
12027,DeSoto,576,328688
5123,St. Francis,270,327677
27135,Roseau,780,327569
25019,Nantucket,13,327485
55057,Juneau,588,327463
40049,Garvin,1174,327305
48217,Hill,1375,327162
40111,Okmulgee,844,326462
38077,Richland,821,326458
38105,Williams,733,325537
48117,Deaf Smith,465,324988
19101,Jefferson,631,324333
48467,Van Zandt,2059,323856
24011,Caroline,504,323666
20059,Franklin,837,323159
38059,Morton,821,322391
1091,Marengo,385,322078
31177,Washington,587,321720
49007,Carbon,155,321666
21161,Mason,705,321176
26109,Menominee,281,321049
48147,Fannin,1312,320753
37141,Pender,288,320376
17075,Iroquois,1267,320333
21013,Bell,55,320137
53031,Jefferson,113,319980
32013,Humboldt,149,319905
6021,Glenn,895,319741
54067,Nicholas,268,319240
45033,Dillon,211,319141
37009,Ashe,932,318098
48331,Milam,1419,317936
48149,Fayette,2363,317929
50017,Orange,425,317595
26101,Manistee,225,316651
28025,Clay,314,316442
13119,Franklin,615,314460
24029,Kent,249,314250
45039,Fairfield,175,314083
27095,Mille Lacs,699,314064
5061,Howard,615,313919
55119,Taylor,847,313828
46093,Meade,708,313356
13225,Peach,131,313256
19181,Warren,1057,312986
21213,Simpson,478,312608
17085,Jo Daviess,791,312513
51075,Goochland,200,311103
26133,Osceola,416,311049
22067,Morehouse,284,309965
13017,Ben Hill,168,309955
48219,Hockley,453,309870
55003,Ashland,177,309599
21017,Bourbon,732,309454
1133,Winston,520,309232
18147,Spencer,619,309213
42099,Perry,504,309208
19083,Hardin,827,308875
8083,Montezuma,590,308645
29147,Nodaway,1139,308168
48463,Uvalde,503,308039
40135,Sequoyah,836,307231
1021,Chilton,603,307038
46005,Beadle,740,306673
37039,Cherokee,203,306226
27161,Waseca,658,305892
19059,Dickinson,474,305744
28145,Union,496,305739
19079,Hamilton,733,305628
18079,Jennings,593,305488
22003,Allen,324,305173
21095,Harlan,23,304928
21205,Rowan,447,302017
37091,Hertford,138,301936
48363,Palo Pinto,671,301606
40153,Woodward,661,300876
54053,Mason,638,300806
40041,Delaware,1072,300478
17057,Fulton,985,299529
13293,Upson,162,299113
54097,Upshur,387,298316
6015,Del Norte,69,298089
21167,Mercer,898,297855
48065,Carson,275,297855
21121,Knox,359,296069
27113,Pennington,416,295840
51175,Southampton,265,295395
39015,Brown,1298,295223
48025,Bee,579,295108
51073,Gloucester,93,293578
19123,Mahaska,897,293437
39019,Carroll,629,293194
47097,Lauderdale,384,292747
45069,Marlboro,144,292445
51167,Russell,976,292293
13103,Effingham,163,291880
22125,West Feliciana,159,291879
29157,Perry,770,290830
48427,Starr,585,290582
13147,Hart,403,290315
20149,Pottawatomie,697,289403
19081,Hancock,795,289029
47109,McNairy,556,288542
26035,Clare,270,287775
40015,Caddo,1277,287614
6027,Inyo,60,287476
30047,Lake,825,287117
51081,Greensville,128,286905
47025,Claiborne,1353,286888
21217,Taylor,920,286056
26069,Iosco,191,285671
26031,Cheboygan,161,285561
37169,Stokes,956,285394
13081,Crisp,168,285320
17133,Monroe,489,284381
28163,Yazoo,409,284140
55067,Langlade,332,284085
12075,Levy,414,283917
5029,Conway,639,283877
47029,Cocke,864,283801
29109,Lawrence,1519,283124
19065,Fayette,1197,283123
32011,Eureka,56,282890
13033,Burke,264,282825
47017,Carroll,712,282189
48177,Gonzales,1422,282176
22031,De Soto,511,282079
35047,San Miguel,584,281617
31185,York,645,281120
48293,Limestone,1054,280851
24039,Somerset,296,280805
53017,Douglas,674,280485
48325,Medina,1264,280349
13189,McDuffie,191,279467
48365,Panola,731,279440
12049,Hardee,838,279053
55047,Green Lake,587,279031
22039,Evangeline,516,278836
18049,Fulton,605,278680
5071,Johnson,538,277741
48185,Grimes,1204,277610
17039,De Witt,422,277560
55061,Kewaunee,803,277336
45027,Clarendon,327,277148
13123,Gilmer,220,276812
16047,Gooding,570,276371
5059,Hot Spring,396,274561
21041,Carroll,285,274379
18075,Jay,737,273785
19047,Crawford,1071,273742
20121,Miami,1066,273136
47047,Fayette,594,272607
8051,Gunnison,122,272043
8029,Delta,806,271493
16067,Minidoka,661,271121
19055,Delaware,1140,271048
42067,Juniata,496,269969
27093,Meeker,938,269813
41013,Crook,418,269768
27115,Pine,904,269345
28117,Prentiss,344,269033
47069,Hardeman,404,269001
40083,Logan,778,268831
5103,Ouachita,165,268718
18055,Greene,829,268698
55123,Vernon,1824,268237
29083,Henry,831,268097
31013,Box Butte,442,268066
13205,Mitchell,370,267847
54077,Preston,732,267562
28127,Simpson,546,266711
13001,Appling,475,266608
46083,Lincoln,834,266272
13105,Elbert,282,265936
13055,Chattooga,226,265747
19109,Kossuth,1372,265318
29209,Stone,652,264702
36049,Lewis,548,264416
13219,Oconee,263,264342
19043,Clayton,1287,263952
21085,Grayson,1354,263925
37011,Avery,220,263001
17045,Edgar,706,262947
21091,Hancock,431,262736
27045,Fillmore,1389,262492
48503,Young,568,261587
29217,Vernon,1104,261489
2261,Valdez-Cordova,0,261262
28091,Marion,456,260231
55125,Vilas,31,260102
5107,Phillips,261,259949
27157,Wabasha,814,259838
47085,Humphreys,461,259469
48171,Gillespie,1209,259431
18021,Clay,499,258892
8003,Alamosa,242,258857
20021,Cherokee,694,258852
51147,Prince Edward,281,258806
6051,Mono,53,258489
28029,Copiah,454,257469
5113,Polk,739,257463
54057,Mineral,287,256758
56007,Carbon,182,256747
47185,White,948,255993
18175,Washington,836,255656
51137,Orange,361,255650
8089,Otero,430,254688
13187,Lumpkin,204,254064
40009,Beckham,654,253952
12007,Bradford,278,253700
19183,Washington,810,253559
40113,Osage,964,252891
19019,Buchanan,1022,252880
8099,Prowers,440,252649
13227,Pickens,178,252369
12123,Taylor,110,251789
20133,Neosho,639,251543
55011,Buffalo,830,250926
19011,Benton,1113,250844
28101,Newton,546,250364
1013,Butler,421,250277
53039,Klickitat,437,249868
35041,Roosevelt,611,249686
39001,Adams,1180,249665
48459,Upshur,965,249179
5023,Cleburne,607,249107
31151,Saline,676,248664
8119,Teller,69,248536
55023,Crawford,833,248185
18143,Scott,332,248181
13267,Tattnall,461,247745
22007,Assumption,47,247707
17189,Washington,702,247652
8049,Grand,116,247534
37093,Hoke,138,247457
30041,Hill,427,247143
21133,Letcher,29,246920
45049,Hampton,214,246738
1129,Washington,339,246413
4009,Graham,225,246176
48133,Eastland,1006,246114
28139,Tippah,506,246019
49041,Sevier,323,245747
13143,Haralson,236,245446
20005,Atchison,588,245220
27071,Koochiching,167,244438
42057,Fulton,397,243767
40087,McClain,759,242956
29167,Polk,1451,242449
27127,Redwood,1109,242435
47115,Marion,249,242379
17159,Richland,486,242369
31159,Seward,765,242251
5149,Yell,745,242191
28079,Leake,558,241943
26089,Leelanau,293,241642
26009,Antrim,217,241558
19145,Page,775,241445
48123,DeWitt,1347,241425
29131,Miller,981,240908
40081,Lincoln,1534,240896
40133,Seminole,814,240274
39117,Morrow,668,240223
39127,Perry,510,240087
5081,Little River,316,239350
17145,Perry,473,239239
13237,Putnam,145,238677
48089,Colorado,1274,238367
22053,Jefferson Davis,449,238303
28093,Marshall,474,238115
26127,Oceana,515,237978
5043,Drew,258,237546
51139,Page,460,237207
48415,Scurry,503,236801
18139,Rush,582,236427
48289,Leon,1483,235646
13211,Morgan,317,235563
39073,Hocking,325,235214
27153,Todd,1645,234865
40145,Wagoner,727,234747
18165,Vermillion,259,234697
19197,Wright,682,234587
1061,Geneva,705,234578
13107,Emanuel,322,233918
38057,Mercer,470,233239
5111,Poinsett,437,233051
13311,White,261,232921
47075,Haywood,359,232853
28137,Tate,491,232088
41015,Curry,145,231779
29219,Warren,465,231555
40073,Kingfisher,764,231205
21233,Webster,399,231075
18015,Carroll,520,230685
13131,Grady,448,229375
21225,Union,272,229229
13099,Early,254,229139
54109,Wyoming,51,229107
48055,Caldwell,860,228959
45037,Edgefield,221,228602
29117,Livingston,635,228576
17051,Fayette,1006,228495
27023,Chippewa,621,228158
28017,Chickasaw,406,228099
2050,Bethel,0,228081
55099,Price,346,228079
17025,Clay,601,227801
48487,Wilbarger,389,227785
27129,Renville,1125,227435
5083,Logan,866,227235
18123,Perry,443,227064
48343,Morris,326,226597
8047,Gilpin,12,226428
54023,Grant,326,226420
29055,Crawford,613,226250
48369,Parmer,450,226112
53001,Adams,416,225602
21115,Johnson,205,225468
18045,Fountain,539,225056
17173,Shelby,1136,224638
17067,Hancock,1018,224312
13199,Meriwether,231,224084
55113,Sawyer,134,224081
19141,O'Brien,977,223472
20191,Sumner,1050,223396
1087,Macon,273,223307
1023,Choctaw,200,222807
28153,Wayne,421,221957
18117,Orange,457,221832
19105,Jones,905,221604
20041,Dickinson,823,221375
19035,Cherokee,820,220429
56023,Lincoln,415,220391
37131,Northampton,333,220388
46027,Clay,376,220188
53049,Pacific,209,219727
29225,Webster,1408,219302
47159,Smith,970,218918
5067,Jackson,303,218405
51145,Powhatan,176,218384
41031,Jefferson,282,218263
35006,Cibola,153,218167
53055,San Juan,131,218113
39105,Meigs,451,218101
35029,Luna,124,218032
17017,Cass,334,217172
37015,Bertie,361,217083
36123,Yates,532,216540
1057,Fayette,277,216488
27039,Dodge,626,216432
19029,Cass,777,216273
23021,Piscataquis,125,216099
48353,Nolan,379,215986
22085,Sabine,384,215776
19067,Floyd,730,215602
19005,Allamakee,838,215479
26129,Ogemaw,227,215281
31033,Cheyenne,530,214677
48165,Gaines,478,214419
49039,Sanpete,541,213979
51033,Caroline,154,213613
56009,Converse,222,213530
55103,Richland,925,213522
19171,Tama,1075,213248
38099,Walsh,603,213080
18153,Sullivan,477,213048
8015,Chaffee,131,212957
28021,Claiborne,164,212773
48357,Ochiltree,295,212547
20011,Bourbon,715,212339
19097,Jackson,1131,211474
19031,Cedar,894,211304
22111,Union,402,211107
26143,Roscommon,32,210964
21155,Marion,921,210573
16075,Payette,480,210550
51135,Nottoway,279,210426
12129,Wakulla,81,209978
40001,Adair,902,209558
13207,Monroe,150,209216
5133,Sevier,502,208841
48007,Aransas,37,208005
20001,Allen,573,207992
30053,Lincoln,192,207358
29155,Pemiscot,272,207080
19175,Union,586,206587
12133,Washington,259,206454
13163,Jefferson,244,206453
54041,Lewis,306,206400
29119,McDonald,942,206215
5041,Desha,201,205777
47151,Scott,213,205513
48161,Freestone,1090,204761
31131,Otoe,713,204242
51071,Giles,302,204214
55107,Rusk,588,204157
17015,Carroll,542,204148
28159,Winston,453,204090
29186,Ste. Genevieve,527,203441
17127,Massac,373,203416
47171,Unicoi,218,203364
6043,Mariposa,222,203079
28129,Smith,630,203062
8113,San Miguel,83,203012
8081,Moffat,279,202900
27043,Faribault,872,202856
40035,Craig,965,202648
21003,Allen,1050,202564
2220,Sitka,0,201720
20117,Marshall,887,201651
28057,Itawamba,379,200841
26053,Gogebic,45,200812
31137,Phelps,423,200556
53003,Asotin,107,200344
5037,Cross,268,200272
17187,Warren,654,200055
21097,Harrison,987,199833
21183,Ohio,899,199801
18131,Pulaski,529,199738
39125,Paulding,527,199732
54047,McDowell,9,199295
37041,Chowan,140,198922
29215,Texas,1417,198795
30095,Stillwater,336,198679
37121,Mitchell,286,198365
31039,Cuming,890,198191
54031,Hardy,429,198050
22077,Pointe Coupee,370,197594
29163,Pike,800,197075
48425,Somervell,204,196699
27159,Wadena,551,196419
13241,Rabun,118,195684
38071,Ramsey,457,195564
31155,Saunders,1074,194705
48285,Lavaca,2202,194431
4012,La Paz,59,194337
49013,Duchesne,643,194305
1111,Randolph,513,194286
27057,Hubbard,366,194168
48239,Jackson,639,194080
48111,Dallam,226,193678
35027,Lincoln,272,193648
28141,Tishomingo,255,193030
31127,Nemaha,436,192866
4011,Greenlee,77,192218
51141,Patrick,491,192187
45017,Calhoun,225,191874
28007,Attala,354,191042
12003,Baker,171,190890
8105,Rio Grande,272,190787
28031,Covington,451,190781
13035,Butts,123,190314
13133,Greene,185,190158
30087,Rosebud,253,189255
13111,Fannin,163,189084
47041,DeKalb,702,189028
48069,Castro,368,188321
48253,Jones,676,187851
5047,Franklin,665,187792
55137,Waushara,524,187410
27149,Stevens,467,187196
55129,Washburn,282,187141
29177,Ray,906,187059
35053,Socorro,341,186405
56003,Big Horn,419,186381
13091,Dodge,364,186067
27117,Pipestone,715,185996
17181,Union,430,185970
29011,Barton,755,185956
35007,Colfax,227,185761
17191,Wayne,880,185744
38067,Pembina,504,185684
48287,Lee,1383,185579
17023,Clark,600,185392
29053,Cooper,752,185284
27033,Cottonwood,756,185164
13195,Madison,560,184979
31025,Cass,624,184630
17193,White,362,184497
1075,Lamar,272,183800
48279,Lamb,535,183751
21231,Wayne,736,183544
31145,Red Willow,352,183495
39111,Monroe,572,183266
48003,Andrews,109,183223
51105,Lee,1174,183119
18159,Tipton,347,182994
17053,Ford,506,182575
13161,Jeff Davis,230,182474
27055,Houston,818,182386
21081,Grant,932,182104
21207,Russell,919,182051
51131,Northampton,141,182037
13193,Macon,208,181780
1067,Henry,301,181755
17005,Bond,547,181735
20031,Coffey,530,181529
46079,Lake,510,181272
13291,Union,234,181176
16051,Jefferson,667,180887
55001,Adams,289,180771
19165,Shelby,927,180376
41001,Baker,487,180159
22083,Richland,455,180082
8125,Yuma,731,180081
1019,Cherokee,384,179650
13145,Harris,192,179627
22037,East Feliciana,418,179584
30067,Park,278,179382
19037,Chickasaw,869,179333
29073,Gasconade,726,179333
19063,Emmet,483,179329
13085,Dawson,161,179146
31041,Custer,1150,178748
38079,Rolette,406,178647
17101,Lawrence,305,178510
48493,Wilson,1530,178232
5021,Clay,492,177884
31037,Colfax,598,177588
26011,Arenac,248,177387
37079,Greene,311,176732
8071,Las Animas,415,176581
26097,Mackinac,67,176565
26051,Gladwin,366,176542
47133,Overton,738,176442
19189,Winnebago,536,176432
29115,Linn,732,176402
40077,Latimer,514,175727
1041,Crenshaw,426,174892
21043,Carter,882,174862
19137,Montgomery,514,174828
49027,Millard,508,174726
12079,Madison,421,174656
28061,Jasper,367,174575
37149,Polk,149,174565
22041,Franklin,766,173698
13029,Bryan,49,173191
5075,Lawrence,548,173153
27165,Watonwan,594,173043
26039,Crawford,17,172865
48063,Camp,379,172691
26079,Kalkaska,70,172534
49015,Emery,357,172204
27075,Lake,32,171734
16077,Power,196,171662
45053,Jasper,131,171596
13019,Berrien,397,171176
51043,Clarke,260,170465
5121,Randolph,584,170254
37173,Swain,73,169830
48371,Pecos,195,169741
55013,Burnett,338,169591
16049,Idaho,563,169153
22023,Cameron,405,168583
51025,Brunswick,290,168526
36097,Schuyler,274,168229
17083,Jersey,477,168122
56015,Goshen,518,168041
47111,Macon,1209,167815
2188,Northwest Arctic,0,167476
48337,Montague,1032,167375
49051,Wasatch,235,167294
40103,Noble,625,167091
19007,Appanoose,738,166338
48115,Dawson,370,166016
1027,Clay,341,165969
17125,Mason,429,165922
19075,Grundy,703,165869
30035,Glacier,303,165645
31089,Holt,1064,165500
21007,Ballard,403,165385
22029,Concordia,267,165208
30017,Custer,300,165154
48445,Terry,388,165139
22049,Jackson,162,165079
22127,Winn,141,164744
45009,Bamberg,214,164691
1035,Conecuh,302,164585
1085,Lowndes,282,164439
19069,Franklin,779,164387
48313,Madison,677,164246
37115,Madison,1080,164166
17149,Pike,860,164000
22027,Claiborne,227,163795
29121,Macon,989,163637
18009,Blackford,230,163541
19039,Clarke,606,163541
38003,Barnes,725,163189
18119,Owen,569,162895
17185,Wabash,200,162798
13075,Cook,236,162633
19089,Howard,778,162583
17147,Piatt,431,162533
27063,Jackson,866,161997
37199,Yancey,608,161619
51103,Lancaster,60,161377
48093,Comanche,1244,161211
45081,Saluda,512,161193
21005,Anderson,659,160926
21051,Clay,457,160753
30027,Fergus,660,160533
1107,Pickens,363,160490
20013,Brown,574,160231
16029,Caribou,304,159122
19091,Humboldt,585,159107
47033,Crockett,355,158584
20067,Grant,213,157260
21163,Meade,787,156827
26019,Benzie,108,156781
39115,Morgan,512,156615
28013,Calhoun,347,156213
21149,McLean,384,155380
48145,Falls,925,155273
47049,Fentress,419,155252
51101,King William,96,155211
54103,Wetzel,188,155174
20085,Jackson,933,154411
29013,Bates,1073,154141
56031,Platte,347,154118
1131,Wilcox,204,153850
41049,Morrow,261,153686
55065,Lafayette,988,153517
28023,Clarke,292,153232
20193,Thomas,438,152708
30003,Big Horn,374,152656
45061,Lee,236,152548
47023,Chester,318,152459
45005,Allendale,99,152410
37005,Alleghany,441,152306
47005,Benton,330,151894
48035,Bosque,885,151387
27065,Kanabec,601,151299
13177,Lee,110,151105
17139,Moultrie,415,150394
21001,Adair,1270,150258
48457,Tyler,385,149965
29049,Clinton,630,149964
19131,Mitchell,700,149416
8039,Elbert,621,149256
18149,Starke,340,149131
31179,Wayne,561,148993
21033,Caldwell,467,148684
29135,Moniteau,931,148655
37053,Currituck,67,148522
18125,Pike,262,148510
2016,Aleutians West,14,148401
20131,Nemaha,953,148352
13109,Evans,141,148347
19129,Mills,471,148312
29065,Dent,651,148284
48299,Llano,434,148124
13319,Wilkinson,86,147972
21159,Martin,22,147807
16079,Shoshone,39,147218
51169,Scott,1391,147091
27121,Pope,708,147021
18047,Franklin,712,146887
12047,Hamilton,197,146666
54027,Hampshire,499,146621
19161,Sac,794,146544
46023,Charles Mix,691,146420
12125,Union,168,146340
19121,Madison,913,146326
13093,Dooly,183,146154
30083,Richland,404,146144
5011,Bradley,220,145663
37185,Warren,280,145533
19085,Harrison,779,145507
29221,Washington,426,145379
48163,Frio,435,144695
46051,Grant,557,144575
48195,Hansford,192,144501
27173,Yellow Medicine,818,144429
21137,Lincoln,1231,144085
56043,Washakie,139,144085
40023,Choctaw,783,143645
13011,Banks,440,143636
28077,Lawrence,279,143583
1007,Bibb,158,143372
48389,Reeves,120,143217
31027,Cedar,906,143043
48395,Robertson,1095,142869
19023,Butler,1006,142795
21119,Knott,29,142428
27001,Aitkin,521,142119
5017,Chicot,233,141883
16009,Benewah,164,141259
22013,Bienville,244,141159
51011,Appomattox,314,141145
27151,Swift,671,141008
18111,Newton,318,140823
1119,Sumter,290,140608
29141,Morgan,770,140460
13321,Worth,387,140439
48281,Lampasas,625,140393
20151,Pratt,368,140290
19119,Lyon,999,140216
21099,Hart,1347,139695
12059,Holmes,500,139574
29133,Mississippi,188,139543
46113,Shannon,171,139351
48437,Swisher,412,139239
39067,Harrison,358,138932
8019,Clear Creek,10,138841
19093,Ida,604,138638
5013,Calhoun,109,138523
5087,Madison,1045,138271
48043,Brewster,87,138163
21031,Butler,576,138023
13229,Pierce,314,137949
1029,Cleburne,316,137201
40091,McIntosh,732,137174
17123,Marshall,451,136995
13023,Bleckley,179,136591
51065,Fluvanna,234,136126
51079,Greene,183,136025
19115,Louisa,450,136024
22059,La Salle,168,135710
13171,Lamar,181,135687
48399,Runnels,719,135583
1065,Hale,333,135104
2180,Nome,0,134798
2195,Petersburg,0,134672
29229,Wright,1238,134669
47039,Decatur,404,134576
30021,Dawson,346,134542
5127,Scott,581,134193
5053,Grant,175,134169
19147,Palo Alto,707,134025
40095,Marshall,325,133931
55007,Bayfield,315,133288
54007,Braxton,275,133286
51029,Buckingham,301,133027
47057,Grainger,1104,132923
13149,Heard,142,132599
12045,Gulf,22,132157
55077,Marquette,373,131986
13317,Wilkes,282,131723
38055,McLean,844,131645
26071,Iron,67,131596
21221,Trigg,332,131513
8063,Kit Carson,560,131445
38081,Sargent,419,131368
54073,Pleasants,105,131285
48051,Burleson,1162,131223
48255,Karnes,922,131083
19071,Fremont,471,130686
19135,Monroe,601,130102
37033,Caswell,527,129931
48501,Yoakum,210,129895
32033,White Pine,90,129840
40005,Atoka,912,129678
51183,Sussex,127,129530
28039,George,350,129427
5089,Marion,483,128992
13005,Bacon,314,128798
51181,Surry,87,128691
17079,Jasper,670,128081
5109,Pike,377,127472
47129,Morgan,281,127433
27133,Rock,708,127427
51113,Madison,378,127241
20205,Wilson,496,127232
13251,Screven,254,126829
17131,Mercer,679,126484
16085,Valley,90,126483
8103,Rio Blanco,195,126327
26141,Presque Isle,237,126205
30001,Beaverhead,209,126087
54065,Morgan,125,125709
22043,Grant,174,125557
22065,Madison,256,125373
56045,Weston,184,124304
51037,Charlotte,409,124244
40099,Murray,382,123939
40117,Pawnee,592,123726
5135,Sharp,488,123681
53051,Pend Oreille,187,123564
5077,Lee,241,123421
5079,Lincoln,208,123224
21075,Fulton,129,123065
48475,Ward,68,122980
39121,Noble,521,122826
51057,Essex,101,122367
21219,Todd,550,122303
19117,Lucas,561,122296
29015,Benton,762,122233
54075,Pocahontas,332,122176
13169,Jones,142,122086
21069,Fleming,1004,122073
17047,Edwards,280,122070
46109,Roberts,791,122070
49037,San Juan,166,121777
18121,Parke,401,121739
26003,Alger,53,121739
29139,Montgomery,624,121724
20115,Marion,908,121718
48429,Stephens,399,121628
31081,Hamilton,541,121250
21045,Casey,1294,121153
13027,Brooks,379,120965
47081,Hickman,571,120838
19025,Calhoun,783,120818
30085,Roosevelt,440,120358
54087,Roane,415,120260
48159,Franklin,444,119794
49019,Grand,69,119633
19133,Monona,679,119601
20087,Jefferson,894,119575
27143,Sibley,929,119575
5039,Dallas,102,119488
29079,Grundy,552,119407
28103,Noxubee,379,119401
5141,Van Buren,481,119211
18013,Brown,155,119165
31101,Keith,267,118591
29211,Sullivan,681,118505
47091,Johnson,732,118478
26013,Baraga,55,118137
47181,Wayne,550,118131
38097,Traill,429,118124
55041,Forest,101,118107
48297,Live Oak,617,118099
40063,Hughes,702,117982
6105,Trinity,97,117826
19073,Greene,679,117271
16035,Clearwater,186,117110
16021,Boundary,242,116682
29151,Osage,1014,116538
13235,Pulaski,104,116465
28051,Holmes,347,116413
13083,Dade,178,116353
21103,Henry,852,116323
35057,Torrance,430,116200
28161,Yalobusha,239,115885
20145,Pawnee,351,115624
20123,Mitchell,437,115376
51051,Dickenson,91,115096
19001,Adair,730,114947
21025,Breathitt,247,114915
21131,Leslie,20,114822
28131,Stone,211,114746
40011,Blaine,676,114600
8007,Archuleta,127,114192
51125,Nelson,314,113998
47161,Stewart,311,113897
31147,Richardson,593,113692
29093,Iron,254,113506
48131,Duval,852,113349
30105,Valley,505,113221
21229,Washington,951,113218
54091,Taylor,241,113166
16045,Gem,470,113144
1011,Bullock,237,112918
49001,Beaver,170,112876
17061,Greene,630,112842
48153,Floyd,387,112802
21171,Monroe,886,112304
28111,Perry,214,111830
40061,Haskell,705,111809
31035,Clay,486,111708
48489,Willacy,188,111570
21105,Hickman,202,111474
27029,Clearwater,533,111474
31095,Jefferson,582,111411
21027,Breckinridge,1309,111375
6049,Modoc,361,111122
19151,Pocahontas,787,110960
27101,Murray,795,110925
19077,Guthrie,844,110758
28005,Amite,410,110738
20069,Gray,385,110628
29039,Cedar,760,110551
51007,Amelia,248,110538
17035,Cumberland,565,110335
19107,Keokuk,782,110032
13271,Telfair,245,109963
5137,Stone,527,109936
20027,Clay,534,109717
28053,Humphreys,162,109625
37187,Washington,190,109510
21127,Lawrence,317,109332
21175,Morgan,685,109326
46115,Spink,615,109318
26153,Schoolcraft,46,109305
51193,Westmoreland,117,109160
5065,Izard,585,109039
12041,Gilchrist,286,108738
16041,Franklin,546,108723
48403,Sabine,178,108682
20029,Cloud,525,108591
20181,Sherman,410,108395
12065,Jefferson,247,108378
12037,Franklin,4,108265
48483,Wheeler,384,108245
26113,Missaukee,244,108210
28147,Walthall,535,108208
54085,Ritchie,300,108020
29059,Dallas,1004,107835
51111,Lunenburg,332,107651
53043,Lincoln,462,107633
46067,Hutchinson,849,107456
51127,New Kent,58,107162
21147,McCreary,107,106933
47007,Bledsoe,443,106834
28097,Montgomery,266,106604
48387,Red River,858,106478
40151,Woods,572,106269
21053,Clinton,639,106067
51063,Floyd,700,105796
56035,Sublette,173,105648
20159,Rice,458,105387
2070,Dillingham,0,105084
20043,Doniphan,437,105077
17009,Brown,316,104669
47139,Polk,225,104665
48077,Clay,680,104486
16043,Fremont,386,104368
54001,Barbour,403,104251
21203,Rockcastle,744,104177
35037,Quay,491,104148
30043,Jefferson,186,103965
54095,Tyler,222,103830
29003,Andrew,734,103802
13159,Jasper,182,103698
21197,Powell,247,103421
48421,Sherman,186,103388
51159,Richmond,118,103352
12029,Dixie,98,103341
41023,Grant,331,103145
12013,Calhoun,111,102886
13253,Seminole,157,102646
29067,Douglas,1096,102343
46101,Moody,574,102290
56019,Johnson,215,101980
18155,Switzerland,577,101890
48307,McCulloch,454,101790
32015,Lander,65,100964
31003,Antelope,750,100771
40075,Kiowa,609,100760
51119,Middlesex,66,99954
48017,Bailey,319,99711
16073,Owyhee,453,99665
48031,Blanco,496,99242
13043,Candler,206,99140
27073,Lac qui Parle,797,98809
46019,Butte,458,98604
48505,Zapata,274,98387
46047,Fall River,245,98322
41037,Lake,305,98198
29173,Ralls,485,97909
31059,Fillmore,528,97829
5099,Nevada,357,97810
18007,Benton,400,97806
21191,Pendleton,817,97642
16087,Washington,368,97569
30089,Sanders,307,97544
41025,Harney,353,97385
38009,Bottineau,682,97361
17155,Putnam,160,97249
29137,Monroe,725,97166
19143,Osceola,605,97151
31107,Knox,981,96777
22123,West Carroll,443,96636
46123,Tripp,602,96517
35051,Sierra,148,96221
31173,Thurston,336,96215
31169,Thayer,540,96199
13155,Irwin,303,95815
31121,Merrick,532,95696
21123,Larue,776,95688
40127,Pushmataha,617,95217
40107,Okfuskee,634,95215
30023,Deer Lodge,56,95102
31099,Kearney,411,95010
51133,Northumberland,107,94959
21079,Garrard,792,94950
31045,Dawes,381,94909
29063,DeKalb,651,94863
13273,Terrell,163,94839
42023,Cameron,23,94601
38053,McKenzie,649,94584
8093,Park,135,94535
48019,Bandera,495,94181
47061,Grundy,321,93898
47135,Perry,185,93526
40069,Johnston,521,93194
54043,Lincoln,237,92994
29033,Carroll,785,92987
54063,Monroe,537,92886
20171,Scott,245,92862
46125,Turner,858,92710
48193,Hamilton,820,92482
37137,Pamlico,63,92299
21139,Livingston,331,92252
48127,Dimmit,170,92205
27031,Cook,5,92199
5147,Woodruff,167,92155
20081,Haskell,210,92086
20139,Osage,773,91713
5095,Monroe,193,91580
21077,Gallatin,247,91575
16059,Lemhi,271,91573
22081,Red River,205,91241
2068,Denali,0,91107
20147,Phillips,479,90993
17129,Menard,323,90958
28135,Tallahatchie,300,90830
21153,Magoffin,390,90670
29123,Madison,345,90315
37103,Jones,157,89829
13165,Jenkins,155,89725
54015,Clay,88,89534
19051,Davis,790,89512
19009,Audubon,659,89189
13287,Turner,229,89174
48407,San Jacinto,311,89158
17003,Alexander,145,88935
17087,Johnson,377,88908
29111,Lewis,561,88878
48205,Hartley,147,88822
13281,Towns,121,88784
31167,Stanton,492,88686
21109,Jackson,718,88448
38021,Dickey,492,88367
46009,Bon Homme,687,88332
47173,Union,483,88179
13269,Taylor,151,87782
46121,Todd,205,87761
28155,Webster,234,87640
38073,Ransom,390,87633
30077,Powell,188,87374
29181,Ripley,436,87172
40093,Major,700,87147
41063,Wallowa,394,87097
13231,Pike,240,86824
47101,Lewis,178,86764
20107,Linn,657,86598
37075,Graham,133,86548
5073,Lafayette,223,86497
31023,Butler,695,86490
27107,Norman,489,86352
48495,Winkler,19,86243
51077,Grayson,797,86241
54093,Tucker,161,86205
22025,Catahoula,354,86024
31051,Dixon,536,85970
49023,Juab,160,85962
47153,Sequatchie,153,85932
26131,Ontonagon,87,85915
46077,Kingsbury,557,85862
32027,Pershing,100,85526
54071,Pendleton,493,85447
48335,Mitchell,312,85197
38061,Mountrail,662,85075
40149,Washita,882,84975
29057,Dade,765,84510
29041,Chariton,876,84380
18025,Crawford,358,84331
30009,Carbon,506,84319
21169,Metcalfe,953,84247
20053,Ellsworth,389,84222
27089,Marshall,842,84140
2290,Yukon-Koyukuk,0,84091
13003,Atkinson,217,83929
46037,Day,634,83886
26095,Luce,27,83733
46033,Custer,279,83733
20137,Norton,350,83624
28065,Jefferson Davis,390,83528
48455,Trinity,469,83422
56011,Crook,345,83251
54101,Webster,86,82993
13025,Brantley,220,82935
40141,Tillman,504,82578
5097,Montgomery,370,82452
55051,Iron,52,82378
20095,Kingman,679,82199
1105,Perry,266,82161
47087,Jackson,587,82156
48075,Childress,199,82153
51017,Bath,102,82039
31139,Pierce,657,81923
48009,Archer,358,81917
21065,Estill,427,81771
30101,Toole,233,81523
48059,Callahan,674,81483
27051,Grant,425,81463
29205,Shelby,553,81340
17169,Schuyler,415,81286
13221,Oglethorpe,278,81104
13289,Twiggs,98,80955
19053,Decatur,561,80820
55091,Pepin,364,80817
28041,Greene,289,80750
2013,Aleutians East,0,80596
39163,Vinton,183,80567
1063,Greene,217,80496
13243,Randolph,100,80422
29149,Oregon,711,80386
30057,Madison,294,80179
13197,Marion,120,80171
37143,Perquimans,194,79935
20167,Russell,432,79908
20189,Stevens,226,79783
28019,Choctaw,182,79651
31011,Boone,678,79580
54089,Summers,309,79560
48237,Jack,585,79319
22021,Caldwell,210,79272
48351,Newton,211,79164
47015,Cannon,659,79142
47121,Meigs,297,79132
29081,Harrison,717,79022
31021,Burt,477,78529
48507,Zavala,178,78031
8095,Phillips,295,77658
46129,Walworth,307,77615
13065,Clinch,81,77559
26119,Montmorency,106,77552
29089,Howard,578,76726
20163,Rooks,366,76684
48405,San Augustine,270,76670
13049,Charlton,69,76479
2240,Southeast Fairbanks,0,76241
29005,Atchison,375,76194
49025,Kane,113,76007
48211,Hemphill,186,75601
21055,Crittenden,455,75175
22035,East Carroll,163,75119
48207,Haskell,482,74934
8073,Lincoln,364,74869
47027,Clay,452,74468
48391,Refugio,172,74260
28119,Quitman,153,74092
29017,Bollinger,709,73662
20003,Anderson,619,73462
5049,Fulton,674,73442
26085,Lake,94,73423
46015,Brule,360,73382
13191,McIntosh,30,73304
29223,Wayne,330,73137
48083,Coleman,664,73118
2198,Prince of Wales-Hyder,0,73074
46087,McCook,551,72933
49029,Morgan,209,72931
27087,Mahnomen,335,72889
50009,Essex,70,72884
27167,Wilkin,403,72705
46045,Edmunds,436,72622
45065,McCormick,79,72537
56017,Hot Springs,109,72248
1037,Coosa,187,71995
38005,Benson,568,71949
13167,Johnson,203,71871
51157,Rappahannock,282,71848
18171,Warren,374,71831
29075,Gentry,517,71732
46041,Dewey,334,71720
32021,Mineral,31,71449
28069,Kemper,356,71114
51021,Bland,299,71110
22091,St. Helena,316,71092
46039,Deuel,560,70902
19173,Taylor,648,70856
53059,Skamania,57,70403
37095,Hyde,102,70311
54021,Gilmer,206,70248
20073,Greenwood,514,70137
46091,Marshall,406,70055
19177,Van Buren,624,70000
29061,Daviess,732,69947
8065,Lake,15,69861
16037,Custer,213,69849
26001,Alcona,194,69491
12077,Liberty,66,69488
20077,Harper,446,69296
48047,Brooks,239,69275
20157,Republic,656,69080
31143,Polk,521,69059
40085,Love,512,68994
18115,Ohio,243,68764
29185,St. Clair,658,68709
19195,Worth,561,68672
27081,Lincoln,622,68550
17153,Pulaski,191,68519
13315,Wilcox,253,68104
48315,Marion,177,67965
38019,Cavalier,628,67911
38045,LaMoure,600,67797
29025,Caldwell,733,67743
5117,Prairie,284,67536
8009,Baca,462,67477
31031,Cherry,517,67338
40003,Alfalfa,663,67333
55078,Menominee,1,67245
2105,Hoonah-Angoon,0,67172
21011,Bath,717,66974
21143,Lyon,214,66874
35059,Union,368,66268
37043,Clay,146,66182
40055,Greer,389,65928
17065,Hamilton,412,65901
30099,Teton,414,65859
29179,Reynolds,266,65845
12067,Lafayette,227,65812
13037,Calhoun,92,65812
21087,Green,1028,65783
8055,Huerfano,210,65525
30073,Pondera,303,65518
46053,Gregory,552,65364
19159,Ringgold,578,65179
40105,Nowata,656,65122
13209,Montgomery,192,64947
53019,Ferry,181,64796
48411,San Saba,555,64762
27011,Big Stone,399,64724
32017,Lincoln,97,64598
26135,Oscoda,74,64524
8011,Bent,222,64241
13301,Warren,120,64052
48107,Crosby,275,63722
37073,Gates,174,63527
48283,La Salle,193,63500
53013,Columbia,131,63277
31065,Furnas,398,63182
8025,Crowley,179,63031
18161,Union,219,62488
48435,Sutton,160,62486
48379,Rains,424,62470
48169,Garza,222,62420
46025,Clark,546,62259
31029,Chase,275,62205
12043,Glades,147,62035
21135,Lewis,728,62011
29129,Mercer,428,61985
8121,Washington,660,61967
19185,Wayne,638,61947
29203,Shannon,403,61922
28037,Franklin,165,61748
47127,Moore,331,61729
30005,Blaine,409,61585
48305,Lynn,418,61422
38031,Foster,255,61136
38103,Wells,556,61030
28157,Wilkinson,170,60995
49017,Garfield,200,60962
13201,Miller,230,60942
31093,Howard,583,60929
42113,Sullivan,128,60826
46057,Hamlin,418,60659
13079,Crawford,107,60598
5105,Perry,336,60493
20007,Barber,389,60488
40007,Beaver,611,60166
47169,Trousdale,320,59981
51036,Charles City,54,59900
17175,Stark,297,59892
51115,Mathews,53,59841
17059,Gallatin,194,59636
20201,Washington,740,59266
31129,Nuckolls,464,58704
20127,Morris,444,58559
20119,Meade,345,58281
38085,Sioux,172,58222
29125,Maries,749,58154
48377,Presidio,105,57592
17171,Scott,278,57212
20185,Stafford,420,57080
5129,Searcy,580,57019
8021,Conejos,374,56991
21129,Lee,178,56927
16081,Teton,203,56829
48079,Cochran,182,56820
20047,Edwards,274,56471
21057,Cumberland,546,56432
36041,Hamilton,1,56193
21187,Owen,787,55955
20203,Wichita,233,55895
31097,Johnson,442,55657
31175,Valley,420,55429
20093,Kearny,218,55313
5025,Cleveland,194,55265
31135,Perkins,405,55155
19003,Adams,536,55056
2270,Wade Hampton,0,54981
42053,Forest,32,54690
35023,Hidalgo,114,54668
51097,King and Queen,121,54509
31123,Morrill,377,54190
8109,Saguache,168,54011
20197,Wabaunsee,560,54002
22107,Tensas,173,53988
13181,Lincoln,149,53865
37029,Camden,69,53713
40053,Grant,649,53617
31105,Kimball,238,53442
16007,Bear Lake,356,53430
21215,Spencer,497,53372
48197,Hardeman,259,53298
16063,Lincoln,260,53252
2060,Bristol Bay,0,53053
17071,Henderson,389,52930
8091,Ouray,64,52856
38069,Pierce,453,52842
38049,McHenry,774,52812
38029,Emmons,667,52586
48333,Mills,596,52544
48103,Crane,42,52534
46059,Hand,448,52531
54013,Calhoun,153,52517
28015,Carroll,344,52307
27077,Lake of the Woods,162,51909
13141,Hancock,95,51325
46043,Douglas,409,51220
46085,Lyman,335,50987
20075,Hamilton,193,50985
30091,Sheridan,400,50738
40067,Jefferson,400,50701
21061,Edmonson,655,50679
20065,Graham,355,50641
20183,Smith,552,50634
30071,Phillips,357,50241
31181,Webster,400,50153
48317,Martin,250,50068
47175,Van Buren,186,49966
48175,Goliad,646,49688
29153,Ozark,734,49663
20063,Gove,412,49589
29087,Holt,398,49135
20141,Osborne,476,48897
20179,Sheridan,411,48842
20135,Ness,496,48602
38011,Bowman,303,48561
46105,Perkins,455,48425
47083,Houston,214,48273
48295,Lipscomb,252,48101
46073,Jerauld,257,48013
21023,Bracken,588,48008
47095,Lake,67,47947
16015,Boise,55,47670
31161,Sheridan,523,47413
2100,Haines,0,47320
29045,Clark,529,47213
28125,Sharkey,48,47199
27069,Kittson,390,47096
29035,Carter,184,46975
51049,Cumberland,202,46923
40059,Harper,380,46519
30007,Broadwater,159,46426
28009,Benton,183,46209
29199,Scotland,467,45859
48461,Upton,87,45784
27155,Traverse,345,45458
40043,Dewey,591,45433
30025,Fallon,227,45214
48275,Knox,238,45143
48087,Collingsworth,400,44144
30015,Chouteau,456,43957
13249,Schley,84,43880
48417,Shackelford,183,43858
40033,Cotton,489,43812
20143,Ottawa,453,43450
30097,Sweet Grass,232,43448
21039,Carlisle,277,43344
13173,Lanier,93,43234
27125,Red Lake,302,43226
48267,Kimble,414,43196
48247,Jim Hogg,153,42874
29103,Knox,492,42642
5101,Newton,469,42514
16061,Lewis,130,41745
50013,Grand Isle,95,41641
35019,Guadalupe,228,41601
48383,Reagan,70,41295
31017,Brown,271,41188
28063,Jefferson,163,41125
20153,Rawlins,416,40824
20089,Jewell,578,40750
48151,Fisher,471,40679
31063,Frontier,356,40584
20017,Chase,236,40515
20129,Morton,188,40483
32029,Storey,3,40315
38051,McIntosh,432,40010
54017,Doddridge,241,39997
29085,Hickory,487,39967
38065,Oliver,285,39910
38039,Griggs,327,39872
48119,Delta,344,39853
48023,Baylor,244,39612
31125,Nance,383,39539
20039,Decatur,331,39263
17069,Hardin,157,39145
37177,Tyrrell,78,39110
30061,Mineral,58,39087
31083,Harlan,312,38918
21237,Wolfe,417,38816
48191,Hall,245,38729
48129,Donley,275,38689
8061,Kiowa,248,38632
40029,Coal,489,38340
20101,Lane,240,38245
20165,Rush,427,38155
31133,Pawnee,396,37862
40045,Ellis,522,37790
48105,Crockett,112,37753
38025,Dunn,579,37577
46107,Potter,236,37515
8017,Cheyenne,243,37325
13283,Treutlen,106,36933
13259,Stewart,82,36924
46003,Aurora,388,36864
20109,Logan,308,36567
17013,Calhoun,412,36329
46055,Haakon,275,36235
46049,Faulk,275,36232
46117,Stanley,166,36064
13309,Wheeler,143,36055
38041,Hettinger,372,35908
16003,Adams,247,35845
48359,Oldham,91,35787
20023,Cheyenne,343,35718
49055,Wayne,155,35468
8027,Custer,106,35337
40025,Cimarron,353,35237
29171,Putnam,499,34971
6091,Sierra,45,34871
53069,Wahkiakum,103,34847
30039,Granite,99,34699
8115,Sedgwick,175,34690
20019,Chautauqua,340,34613
31057,Dundy,234,34521
21181,Nicholas,541,34420
56027,Niobrara,226,34227
47137,Pickett,355,34133
48081,Coke,314,33986
48095,Concho,337,33942
46097,Miner,373,33925
55037,Florence,70,33840
38043,Kidder,439,33745
46111,Sanborn,348,33673
38063,Nelson,420,33592
31061,Franklin,362,33424
40057,Harmon,290,33409
21165,Menifee,356,33296
21223,Trimble,494,33228
30019,Daniels,261,33168
40129,Roger Mills,605,33158
20187,Stanton,172,32906
48229,Hudspeth,92,32896
46031,Corson,391,32819
20097,Kiowa,267,32732
46089,McPherson,397,32243
31077,Greeley,358,32125
38075,Renville,372,31851
13263,Talbot,117,31846
46007,Bennett,234,31788
46119,Sully,225,31739
48319,Mason,454,31314
38001,Adams,294,31280
20105,Lincoln,452,31274
20207,Woodson,333,31011
30065,Musselshell,198,30878
38047,Logan,430,30644
38095,Towner,408,30343
6003,Alpine,3,29932
53023,Garfield,124,29754
16071,Oneida,269,29694
47067,Hancock,673,29504
20195,Trego,418,28883
48413,Schleicher,215,28843
38091,Steele,293,28658
13183,Long,61,28336
13007,Baker,104,28253
31163,Sherman,426,28037
17151,Pope,225,27904
20025,Clark,194,27853
48109,Culberson,58,27622
38027,Eddy,274,27215
38023,Divide,466,27188
13061,Clay,39,26899
29197,Schuyler,437,26623
38013,Burke,433,26543
46061,Hanson,328,26308
46021,Campbell,273,26250
48101,Cottle,139,26195
35033,Mora,367,26063
20071,Greeley,175,25858
31087,Hitchcock,312,25344
54105,Wirt,175,25157
20049,Elk,320,24934
8023,Costilla,159,24900
38037,Grant,510,24613
2164,Lake and Peninsula,0,24194
46017,Buffalo,67,23981
51045,Craig,154,23812
20083,Hodgeman,337,23657
21189,Owsley,282,23580
51091,Highland,275,23308
16033,Clark,52,23213
46069,Hyde,194,22935
30059,Meagher,94,22799
48433,Stonewall,276,22472
48243,Jeff Davis,53,22348
46071,Jackson,270,22152
30055,McCone,280,22150
46075,Jones,163,22068
21063,Elliott,494,21899
35011,De Baca,149,21736
31071,Garfield,186,21666
30051,Liberty,125,21449
31073,Gosper,222,21351
48271,Kinney,91,21129
48125,Dickens,230,21108
48447,Throckmorton,232,21035
13101,Echols,75,20848
31015,Boyd,360,20357
13125,Glascock,68,20287
31049,Deuel,191,19997
35003,Catron,200,19901
48011,Armstrong,182,19654
8033,Dolores,116,19339
31069,Garden,229,19221
30107,Wheatland,110,19135
48045,Briscoe,192,18536
38033,Golden Valley,196,18516
30075,Powder River,214,18447
13307,Webster,67,18380
20199,Wallace,230,17950
49033,Rich,108,17856
46063,Harding,221,17565
31149,Rock,234,17274
48173,Glasscock,161,16742
30045,Judith Basin,261,16575
48443,Terrell,76,16430
31183,Wheeler,156,16277
29227,Worth,283,16267
20033,Comanche,199,16018
30033,Garfield,173,15618
26083,Keweenaw,2,15563
48235,Irion,118,15556
48385,Real,183,15483
48137,Edwards,201,14807
48431,Sterling,51,14800
30011,Carter,235,14662
49009,Daggett,25,14447
2282,Yakutat,0,14338
48155,Foard,163,14192
41021,Gilliam,105,14087
30079,Prairie,130,13748
8079,Mineral,6,13604
38007,Billings,214,13171
48311,McMullen,182,13083
38083,Sheridan,359,13012
48327,Menard,238,12914
28055,Issaquena,69,12614
8057,Jackson,78,12478
46095,Mellette,228,12324
46137,Ziebach,224,12009
31085,Hayes,217,11718
32009,Esmeralda,17,11678
49031,Piute,84,11605
48345,Motley,158,11543
30109,Wibaux,135,10814
38087,Slope,232,10207
13239,Quitman,24,10136
48261,Kenedy,19,9964
21201,Robertson,256,9785
16025,Camas,69,9766
41069,Wheeler,123,8886
8053,Hinsdale,12,8857
35021,Harding,151,8677
8111,San Juan,1,8311
48263,Kent,119,8156
30103,Treasure,78,7910
48393,Roberts,78,7901
13265,Taliaferro,63,7607
31103,Keya Paha,174,7244
31007,Banner,138,7202
41055,Sherman,124,6858
31113,Logan,110,6302
48269,King,25,5863
30037,Golden Valley,88,5144
30069,Petroleum,74,4634
48033,Borden,99,3918
31171,Thomas,84,3879
48301,Loving,10,3411
31091,Hooker,64,2680
31165,Sioux,255,1412
31117,McPherson,97,895
31009,Blaine,93,252
2230,Skagway,0,0
2275,Wrangell,0,0
8014,Broomfield,0,0
15005,Kalawao,0,0
30113,Yellowstone National Park,0,0
51515,Bedford,0,0
51520,Bristol,0,0
51530,Buena Vista,0,0
51540,Charlottesville,0,0
51560,Clifton Forge,0,0
51570,Colonial Heights,0,0
51580,Covington,0,0
51590,Danville,0,0
51595,Emporia,0,0
51600,Fairfax,0,0
51610,Falls Church,0,0
51620,Franklin,0,0
51630,Fredericksburg,0,0
51640,Galax,0,0
51660,Harrisonburg,0,0
51670,Hopewell,0,0
51678,Lexington,0,0
51680,Lynchburg,0,0
51683,Manassas,0,0
51685,Manassas Park,0,0
51690,Martinsville,0,0
51720,Norton,0,0
51730,Petersburg,0,0
51735,Poquoson,0,0
51750,Radford,0,0
51775,Salem,0,0
51780,South Boston,0,0
51790,Staunton,0,0
51820,Waynesboro,0,0
51830,Williamsburg,0,0
51840,Winchester,0,0
31075,Grant,49,-564
31115,Loup,108,-685
31005,Arthur,62,-1821
0,District of Columbia,,0
430,ALASKA,,0
529,RHODE ISLAND,,0
